order_id,customer_id,order_date,product_category,city,price,quantity,revenue,payment_method,discount
1000,,2024-03-08,Sports,Nukus,127.2,5,636.0,Card,0.17
1001,C180,2024-03-16,Clothing,Bukhara,225.35,2,450.7,Card,0.11
1002,C093,2024-02-14,Clothing,Bukhara,344.01,2,688.02,cash,0.05
1003,C015,2024-01-02,,Tashkent,140.97,2,281.94,card,0.14
1004,C107,2024-01-27,Beauty,Andijan,5.0,2,10.0,,0.11
1005,C072,2024-04-04,Sports,Samarkand,2194.96,2,4389.92,cash,0.05
1006,C189,2024-04-24,Clothing,Andijan,123.76,4,495.04,CARD,0.11
1007,C021,2024-04-24,Beauty,Andijan,57.24,5,286.2,card,0.16
1008,C103,2024-02-05,Electronics,Tashkent,125.08,4,500.32,Card,0.01
1009,C122,2024-02-05,Home,Tashkent,177.86,4,711.44,Cash,0.13
1010,C075,2024-01-26,Beauty,Tashkent,127.43,1,127.43,Cash,0.07
1011,C088,2024-02-12,Beauty,Nukus,5.0,1,5.0,card,0.06
1012,C117,2024-01-27,,Andijan,307.65,1,307.65,Cash,0.08
1013,C100,2024-03-09,Beauty,Bukhara,352.99,3,1058.97,CARD,
1014,C104,2024-01-20,Electronics,Samarkand,278.18,1,278.18,Cash,
1015,C152,2024-01-11,Electronics,Nukus,63.48,5,317.4,card,0.05
1016,C131,,Home,Bukhara,175.82,4,703.28,card,0.15
1017,C150,2024-04-13,Sports,Andijan,199.22,5,996.1,CARD,0.02
1018,C053,2024-02-07,Clothing,Tashkent,271.86,1,271.86,Cash,0.19
1019,C002,2024-01-06,Sports,Andijan,280.2,3,840.5999999999999,Cash,0.12
1020,C088,2024-03-12,Beauty,Samarkand,111.9,3,335.70000000000005,Card,
1021,C158,2024-01-23,Clothing,Nukus,209.84,4,839.36,cash,0.06
1022,C038,2024-02-16,Home,Nukus,254.87,5,1274.35,card,0.08
1023,C130,2024-03-30,Home,Samarkand,374.7,2,749.4,Card,0.04
1024,C192,2024-02-15,Clothing,Bukhara,284.54,5,1422.7,card,0.19
1025,C188,2024-04-16,Electronics,Bukhara,294.69,1,294.69,Card,0.1
1026,C021,2024-01-12,Clothing,Nukus,210.06,2,420.12,cash,0.13
1027,C161,2024-03-30,Beauty,Nukus,369.26,3,1107.78,Card,0.15
1028,C058,2024-01-13,Electronics,Tashkent,249.17,4,996.68,card,0.07
1029,C022,2024-04-13,Home,Bukhara,96.67,4,386.68,Cash,0.14
1030,C089,2024-03-02,Clothing,Samarkand,368.4,3,1105.1999999999998,card,0.14
1031,C049,2024-03-22,Sports,Bukhara,283.75,1,283.75,CARD,0.14
1032,C059,2024-03-29,Sports,Tashkent,146.83,3,440.49,CARD,0.1
1033,C170,2024-04-06,Beauty,Nukus,142.46,1,142.46,CARD,
1034,C188,2024-04-20,Sports,Nukus,235.59,2,471.18,CARD,0.04
1035,C015,2024-04-13,Clothing,Tashkent,255.58,3,766.74,cash,0.16
1036,C190,2024-02-29,Clothing,Samarkand,223.68,1,223.68,Cash,0.12
1037,C190,2024-02-12,Sports,Nukus,237.36,2,474.72,Cash,0.09
1038,C175,2024-03-16,Clothing,Andijan,403.99,3,1211.97,card,0.19
1039,C190,2024-04-17,Beauty,Nukus,328.59,4,1314.36,Card,0.01
1040,C051,2024-04-09,Electronics,Andijan,222.88,3,668.64,card,0.17
1041,C108,2024-04-21,Beauty,Tashkent,312.96,5,1564.8,card,0.2
1042,C055,2024-03-08,Beauty,Tashkent,76.1,3,228.29999999999998,card,0.18
1043,C064,2024-01-05,Clothing,Nukus,247.75,5,1238.75,card,
1044,C131,2024-04-29,Electronics,Bukhara,,2,834.24,Cash,0.07
1045,C051,2024-02-06,Clothing,Andijan,173.83,3,521.49,Card,0.05
1046,C135,2024-03-12,Home,Samarkand,98.28,2,196.56,card,0.15
1047,C021,2024-04-15,Clothing,Nukus,121.75,2,243.5,Cash,0.06
1048,C073,2024-04-22,Clothing,Samarkand,69.24,1,69.24,card,0.04
1049,C167,2024-04-01,Clothing,Nukus,105.83,2,211.66,CARD,0.16
1050,C018,2024-01-31,Electronics,Bukhara,155.54,2,311.08,card,0.06
1051,C132,2024-01-09,Clothing,Bukhara,31.33,3,93.99,card,0.18
1052,C089,2024-04-27,Electronics,Bukhara,201.87,3,605.61,cash,0.17
1053,C060,2024-02-20,Sports,Bukhara,308.27,4,1233.08,CARD,0.17
1054,C014,2024-01-29,Home,Tashkent,91.07,1,91.07,Card,0.15
1055,C009,2024-03-18,Electronics,Tashkent,382.31,2,764.62,card,0.18
1056,C090,2024-02-09,Sports,Andijan,261.3,1,261.3,Card,0.16
1057,C053,2024-02-10,Electronics,Samarkand,323.67,5,1618.3500000000001,CARD,0.12
1058,,2024-03-26,Electronics,Nukus,121.06,2,242.12,card,0.06
1059,C084,2024-01-11,Home,Nukus,302.54,1,302.54,cash,
1060,C092,2024-01-23,Beauty,Tashkent,68.97,4,275.88,Cash,
1061,C111,2024-01-01,Beauty,Nukus,306.83,4,1227.32,cash,0.09
1062,C188,2024-02-15,Electronics,Tashkent,220.62,2,441.24,cash,0.01
1063,C199,2024-04-10,Clothing,Andijan,266.39,5,1331.9499999999998,Cash,
1064,C172,2024-01-21,Sports,Samarkand,58.93,4,235.72,Cash,0.01
1065,C008,2024-03-30,Clothing,Andijan,92.59,4,370.36,Cash,0.19
1066,C175,2024-04-19,Clothing,Bukhara,271.67,5,1358.3500000000001,,0.19
1067,C035,2024-02-05,Electronics,Bukhara,86.2,1,86.2,Card,0.04
1068,C081,2024-02-23,Electronics,,255.58,4,1022.32,Card,0.14
1069,C164,2024-03-27,Electronics,Andijan,35.94,3,107.82,Cash,0.02
1070,C050,2024-02-26,Electronics,Nukus,301.78,4,1207.12,cash,0.15
1071,C104,2024-01-01,,Samarkand,52.1,1,52.1,CARD,0.07
1072,C132,2024-03-03,Electronics,Bukhara,266.28,1,266.28,,0.14
1073,C002,2024-02-23,Beauty,Bukhara,275.08,2,550.16,cash,0.07
1074,C134,2024-02-24,Beauty,Bukhara,116.39,3,349.17,cash,0.03
1075,C054,2024-04-24,Electronics,Samarkand,269.84,1,269.84,card,0.08
1076,C106,2024-02-09,Home,Bukhara,231.25,5,1156.25,card,0.02
1077,C004,2024-01-15,Sports,Samarkand,135.34,3,406.02,Card,0.12
1078,C054,2024-01-21,Clothing,Bukhara,78.97,3,236.91,Card,
1079,C191,2024-02-16,Beauty,Andijan,5.0,5,25.0,CARD,0.11
1080,C146,2024-03-13,Sports,Andijan,241.96,4,967.84,CARD,
1081,C044,2024-02-22,Home,Samarkand,12.22,5,61.1,CARD,0.17
1082,C162,2024-01-09,Clothing,Andijan,211.44,5,1057.2,CARD,0.18
1083,C190,2024-03-14,Clothing,Samarkand,168.39,4,673.56,cash,0.18
1084,C014,2024-02-21,Beauty,Andijan,281.5,4,1126.0,cash,0.02
1085,C095,2024-02-26,Electronics,Andijan,163.75,4,655.0,Card,0.03
1086,C048,2024-04-26,Home,Samarkand,160.47,4,641.88,card,0.11
1087,C015,2024-01-26,Beauty,Nukus,287.82,4,1151.28,card,0.18
1088,C190,2024-02-10,Home,Andijan,240.21,5,1201.05,Cash,0.19
1089,C040,2024-02-04,Electronics,Bukhara,237.94,2,475.88,cash,0.01
1090,C082,2024-03-03,Electronics,Nukus,256.31,2,512.62,CARD,
1091,C111,2024-04-25,Beauty,Samarkand,15.73,1,15.73,CARD,
1092,C053,2024-01-25,Electronics,Nukus,290.81,2,581.62,Cash,0.15
1093,C024,2024-03-30,Sports,Tashkent,273.5,2,547.0,card,0.13
1094,C154,2024-03-15,Clothing,Tashkent,78.0,5,390.0,CARD,0.02
1095,C188,2024-02-07,Beauty,Andijan,170.71,4,682.84,card,0.1
1096,C124,2024-01-02,Home,Andijan,195.28,4,781.12,Cash,0.14
1097,C041,2024-01-07,Sports,Bukhara,183.86,5,919.3000000000001,card,
1098,C157,2024-03-22,Beauty,Nukus,240.06,2,480.12,card,0.0
1099,C015,2024-03-31,Electronics,Tashkent,371.76,5,1858.8,card,0.18
1100,C045,2024-02-03,Electronics,Andijan,329.81,1,329.81,CARD,0.11
1101,C065,2024-03-31,Electronics,Nukus,42.53,4,170.12,Card,0.16
1102,C089,2024-01-17,Electronics,Andijan,274.65,3,823.9499999999999,cash,0.16
1103,C071,2024-02-12,Home,Andijan,359.47,1,359.47,card,0.04
1104,C009,,Sports,Tashkent,246.42,1,246.42,card,0.02
1105,C088,2024-04-17,Clothing,Tashkent,330.92,5,1654.6000000000001,card,0.14
1106,C129,2024-02-20,Home,Andijan,441.47,2,882.94,Card,0.03
1107,C136,2024-02-23,Home,Samarkand,322.85,4,1291.4,Cash,0.17
1108,C063,2024-01-24,Clothing,Andijan,229.92,3,689.76,CARD,0.15
1109,C139,2024-01-25,Clothing,Andijan,325.41,1,325.41,Card,0.17
1110,C081,2024-03-11,Electronics,Bukhara,217.39,3,652.17,card,0.06
1111,C136,2024-02-21,Home,Bukhara,202.87,2,405.74,Card,0.06
1112,C163,2024-03-10,Beauty,Bukhara,157.83,2,315.66,Card,0.13
1113,C163,2024-04-26,Clothing,Samarkand,387.61,3,1162.83,Card,0.01
1114,C033,2024-03-28,Clothing,Samarkand,101.79,4,407.16,Cash,0.15
1115,C123,2024-02-02,Sports,Andijan,383.88,2,767.76,cash,0.17
1116,C005,2024-02-18,Beauty,Bukhara,259.98,3,779.94,CARD,0.08
1117,C041,2024-01-29,Beauty,Samarkand,32.08,1,32.08,Cash,0.15
1118,C028,2024-03-03,Clothing,Tashkent,244.12,3,732.36,Cash,0.03
1119,C135,2024-04-16,Electronics,Andijan,5.0,3,15.0,cash,0.06
1120,C072,2024-01-22,Sports,Nukus,275.06,5,1375.3,Cash,
1121,C012,2024-01-26,Beauty,Andijan,306.23,2,612.46,Card,0.2
1122,C162,2024-01-28,Clothing,Nukus,128.92,4,515.68,Card,0.1
1123,C033,2024-04-23,Beauty,Bukhara,214.83,4,859.32,card,0.19
1124,C048,2024-03-25,Sports,Nukus,434.5,5,2172.5,Cash,0.1
1125,C151,2024-02-18,Sports,Bukhara,139.31,4,557.24,card,0.06
1126,C062,2024-03-11,Home,Tashkent,72.93,3,218.79000000000002,CARD,0.05
1127,C037,2024-03-21,Clothing,Nukus,377.8,5,1889.0,Card,0.19
1128,C099,2024-03-24,Sports,Andijan,435.51,1,435.51,CARD,0.03
1129,C172,2024-04-14,Home,Bukhara,200.44,2,400.88,cash,0.12
1130,C104,2024-02-18,Home,Andijan,2571.04,2,5142.08,Card,0.11
1131,C035,2024-01-20,Beauty,Samarkand,360.98,2,721.96,CARD,0.15
1132,C193,2024-04-27,Beauty,Bukhara,110.9,3,,cash,0.1
1133,C101,2024-03-26,Home,Nukus,141.76,1,141.76,CARD,
1134,C175,2024-04-01,Beauty,Bukhara,347.7,5,1738.5,cash,
1135,C131,2024-03-03,Sports,Andijan,402.2,,2011.0,cash,0.12
1136,C001,2024-03-01,Electronics,Tashkent,267.55,2,535.1,Card,0.14
1137,C005,2024-04-13,Sports,Bukhara,94.42,1,94.42,card,0.11
1138,C142,2024-02-18,Home,Nukus,,1,438.45,cash,0.15
1139,C103,2024-03-11,Home,Samarkand,136.28,1,136.28,cash,0.03
1140,C027,2024-01-01,Sports,Tashkent,159.78,4,639.12,Card,0.18
1141,C137,2024-04-05,Beauty,Samarkand,241.08,4,964.32,card,0.12
1142,C015,2024-01-13,Beauty,Bukhara,386.5,2,773.0,Cash,0.03
1143,C090,2024-04-03,Home,Andijan,302.48,1,302.48,Cash,0.09
1144,C042,2024-03-27,Clothing,Andijan,249.78,1,249.78,card,
1145,C124,2024-02-20,Beauty,Nukus,255.59,5,1277.95,CARD,0.18
1146,C179,2024-02-25,Sports,Andijan,205.22,5,1026.1,Card,0.05
1147,C063,2024-03-23,Beauty,Tashkent,266.98,2,533.96,card,0.14
1148,C096,2024-03-02,Sports,Andijan,5.0,1,5.0,Cash,0.02
1149,C052,2024-02-01,Home,Nukus,164.41,2,328.82,cash,0.01
1150,C096,2024-01-30,Beauty,Bukhara,228.96,5,1144.8,Cash,
1151,C132,2024-01-29,Sports,Bukhara,61.88,5,309.40000000000003,cash,0.14
1152,C151,2024-02-18,Home,Andijan,246.36,4,985.44,Card,0.16
1153,C143,2024-02-14,Clothing,Samarkand,175.46,2,350.92,cash,0.07
1154,C171,2024-04-02,Sports,Bukhara,410.66,2,821.32,card,0.0
1155,C029,2024-01-30,Clothing,Andijan,388.76,1,388.76,cash,0.1
1156,C036,2024-01-16,Clothing,Nukus,144.1,1,144.1,CARD,0.0
1157,C013,2024-02-09,Electronics,Andijan,181.9,4,727.6,card,0.02
1158,C160,2024-01-19,Beauty,Bukhara,191.13,3,573.39,Card,0.07
1159,C071,2024-01-18,Sports,Nukus,145.8,3,437.40000000000003,card,
1160,C187,2024-01-01,Clothing,Andijan,223.4,3,670.2,CARD,0.06
1161,C086,2024-03-18,Electronics,Tashkent,109.01,2,218.02,Card,
1162,C028,2024-04-24,Home,Nukus,64.33,2,128.66,Cash,0.01
1163,C066,2024-02-16,Sports,Tashkent,274.73,5,1373.65,CARD,0.03
1164,C170,2024-04-23,Clothing,Samarkand,275.54,2,551.08,Card,0.14
1165,C045,2024-03-06,Beauty,Nukus,103.48,2,206.96,cash,0.03
1166,C062,2024-04-27,Electronics,Tashkent,307.44,2,614.88,card,0.13
1167,C185,2024-04-01,Clothing,Bukhara,124.21,4,496.84,Card,0.01
1168,C134,2024-04-22,Beauty,Bukhara,230.38,2,460.76,card,0.08
1169,C028,2024-04-23,Clothing,Samarkand,298.44,1,298.44,cash,0.04
1170,C028,2024-04-03,Sports,Nukus,195.97,1,195.97,Card,0.02
1171,C108,2024-02-07,Sports,Nukus,254.57,5,1272.85,Cash,0.11
1172,C044,2024-02-20,Sports,Nukus,138.03,4,552.12,CARD,0.19
1173,C084,,Electronics,Samarkand,176.42,1,176.42,Card,
1174,C030,2024-01-04,Sports,Nukus,175.3,4,701.2,cash,0.08
1175,C190,2024-01-01,Beauty,Bukhara,110.41,4,441.64,Card,0.14
1176,C075,2024-01-08,Clothing,Tashkent,178.79,5,893.9499999999999,card,0.09
1177,C128,2024-01-29,Home,Bukhara,14.17,4,56.68,Card,0.16
1178,C092,2024-02-24,,Bukhara,141.06,2,282.12,Cash,0.04
1179,C190,2024-04-12,Beauty,Tashkent,165.81,4,663.24,Card,0.19
1180,C129,2024-01-03,Sports,Bukhara,169.26,5,846.3,CARD,0.08
1181,C121,2024-02-01,Electronics,Samarkand,171.02,5,855.1,Card,0.07
1182,C027,2024-01-10,Clothing,Tashkent,192.59,5,962.95,card,0.17
1183,C190,2024-03-14,Electronics,Bukhara,257.53,1,257.53,Card,0.11
1184,C121,2024-03-23,Clothing,Andijan,304.94,2,609.88,Cash,
1185,C116,2024-04-19,Clothing,Bukhara,122.03,1,122.03,cash,0.15
1186,C003,2024-02-03,Electronics,Samarkand,55.62,3,166.85999999999999,Card,0.12
1187,C103,2024-04-06,Beauty,Nukus,74.95,2,149.9,Card,0.03
1188,C198,2024-03-27,Clothing,Bukhara,141.54,4,566.16,CARD,0.13
1189,C155,2024-02-24,Electronics,Nukus,157.77,5,788.85,Cash,0.03
1190,C137,2024-04-01,Clothing,Andijan,107.6,3,322.79999999999995,cash,0.16
1191,C062,2024-02-01,Home,Bukhara,44.47,2,88.94,card,0.2
1192,C165,2024-02-19,Beauty,Tashkent,145.27,1,145.27,Card,0.08
1193,C051,2024-01-07,Sports,Nukus,221.77,5,1108.8500000000001,cash,0.09
1194,C172,2024-04-02,Clothing,Andijan,271.4,1,271.4,card,0.01
1195,C152,2024-01-08,Home,Tashkent,133.11,2,266.22,Cash,0.0
1196,C059,2024-03-05,Sports,Tashkent,150.44,2,300.88,Cash,0.18
1197,C118,2024-02-26,Sports,Tashkent,88.8,3,266.4,cash,0.03
1198,C160,2024-04-28,Clothing,Tashkent,196.23,4,784.92,card,0.09
1199,C096,2024-03-07,Electronics,Bukhara,98.19,1,98.19,Cash,0.16
1200,C180,2024-03-28,Clothing,Bukhara,268.78,3,806.3399999999999,cash,0.18
1201,C113,2024-03-27,Home,Bukhara,5.0,5,25.0,Cash,0.1
1202,C062,2024-02-28,Sports,Andijan,156.84,4,627.36,Cash,0.11
1203,C186,2024-03-12,Clothing,Andijan,236.13,3,708.39,Cash,
1204,C052,2024-02-23,Electronics,Andijan,222.06,1,222.06,CARD,0.19
1205,C012,2024-04-20,Clothing,Samarkand,523.16,2,1046.32,card,0.12
1206,C039,2024-04-10,Beauty,Andijan,241.98,5,1209.8999999999999,cash,0.11
1207,C130,2024-03-07,Electronics,Bukhara,79.51,1,79.51,cash,0.0
1208,C131,2024-02-20,Home,Bukhara,188.54,4,754.16,card,0.02
1209,C113,2024-04-06,Sports,Samarkand,5.0,4,20.0,card,0.12
1210,C101,2024-04-01,Clothing,Samarkand,190.33,2,380.66,card,0.19
1211,C113,2024-04-20,Electronics,Andijan,100.03,2,200.06,card,0.17
1212,C184,2024-01-08,Beauty,Nukus,309.85,5,1549.25,Card,0.2
1213,C081,2024-02-03,Electronics,Samarkand,134.06,5,670.3,cash,0.11
1214,C187,2024-02-04,Beauty,Tashkent,185.99,2,371.98,Card,0.16
1215,C113,2024-04-05,Home,Bukhara,123.73,2,247.46,Cash,0.17
1216,C002,2024-03-28,,Tashkent,408.66,4,1634.64,Cash,0.13
1217,C130,2024-03-18,Home,Bukhara,161.45,2,322.9,cash,0.07
1218,C054,2024-02-01,Clothing,Bukhara,419.91,3,1259.73,Cash,0.09
1219,C087,2024-04-29,Electronics,Samarkand,297.7,1,297.7,card,0.17
1220,C129,2024-02-15,Beauty,Samarkand,257.85,2,515.7,Card,0.06
1221,C147,2024-04-16,Beauty,Tashkent,244.25,5,1221.25,card,0.18
1222,C126,2024-01-16,Electronics,Bukhara,247.26,3,741.78,Cash,0.05
1223,C130,2024-03-08,Electronics,Tashkent,5.0,5,25.0,Card,0.15
1224,C053,2024-04-25,Clothing,Nukus,166.53,3,499.59000000000003,card,0.13
1225,C172,2024-02-06,Home,Tashkent,301.42,2,602.84,cash,0.15
1226,C160,2024-02-23,Beauty,Andijan,194.13,1,194.13,card,0.09
1227,C198,2024-03-25,Clothing,Tashkent,31.38,5,156.9,Cash,0.19
1228,C160,2024-01-14,Home,Andijan,193.71,3,581.13,Card,0.13
1229,C068,2024-04-04,Clothing,Andijan,404.49,4,1617.96,cash,0.06
1230,C183,2024-02-24,Beauty,Andijan,349.63,2,699.26,Card,0.13
1231,C184,2024-02-17,Electronics,Nukus,192.56,1,192.56,cash,0.06
1232,C123,2024-03-22,Electronics,Tashkent,314.17,2,628.34,Card,0.06
1233,C145,2024-01-07,Home,Tashkent,156.02,4,624.08,Cash,0.08
1234,C038,2024-03-14,Sports,Nukus,5.0,1,5.0,cash,0.17
1235,C024,2024-01-07,Home,Bukhara,89.06,4,356.24,CARD,0.1
1236,C069,2024-02-02,Sports,Samarkand,387.55,2,775.1,Card,0.14
1237,C116,2024-01-23,Clothing,Tashkent,167.12,3,501.36,Card,0.08
1238,C098,2024-03-25,Clothing,Samarkand,170.79,2,341.58,card,0.05
1239,C198,2024-01-19,Beauty,Nukus,164.02,2,328.04,cash,0.19
1240,C139,2024-04-21,Sports,Bukhara,428.5,2,857.0,CARD,0.12
1241,C144,2024-01-19,Beauty,Bukhara,395.12,5,1975.6,Cash,0.19
1242,C097,2024-02-05,Electronics,Bukhara,466.25,4,1865.0,card,
1243,C124,2024-01-29,Sports,Nukus,180.91,4,723.64,CARD,0.03
1244,C187,2024-02-29,Home,Andijan,235.47,4,941.88,cash,0.17
1245,C070,2024-03-22,Electronics,Andijan,18.0,5,90.0,CARD,0.14
1246,,2024-01-02,Electronics,Samarkand,377.23,3,1131.69,Card,0.04
1247,C003,2024-01-01,Home,Andijan,59.87,2,119.74,Card,
1248,C148,2024-02-16,Electronics,Andijan,226.01,3,678.03,card,
1249,C187,2024-03-09,Sports,Bukhara,68.32,5,341.59999999999997,cash,0.09
1250,C164,2024-01-20,Beauty,Bukhara,129.34,4,517.36,cash,0.13
1251,C147,2024-01-11,Electronics,Samarkand,99.53,2,199.06,CARD,0.06
1252,C090,2024-04-15,Sports,Tashkent,127.05,1,127.05,card,0.08
1253,C195,2024-01-02,Clothing,Samarkand,135.31,1,135.31,cash,0.2
1254,C147,2024-03-07,Sports,Samarkand,134.21,3,402.63,Card,0.05
1255,C148,2024-03-27,Beauty,Nukus,300.0,4,1200.0,,0.1
1256,,2024-04-28,,Nukus,67.42,1,67.42,Cash,0.17
1257,C199,2024-01-12,Home,Samarkand,226.46,3,679.38,,0.05
1258,C052,2024-01-20,Beauty,Samarkand,346.16,5,1730.8000000000002,card,0.08
1259,C161,2024-01-05,Clothing,Samarkand,138.42,3,415.26,cash,0.12
1260,C168,2024-02-06,Home,Andijan,113.85,3,341.54999999999995,Card,0.1
1261,C128,2024-02-07,Sports,Nukus,172.34,3,517.02,Cash,0.09
1262,C039,2024-04-03,Beauty,Samarkand,341.57,2,683.14,Cash,
1263,C082,2024-01-09,Clothing,Bukhara,223.29,3,669.87,card,0.12
1264,C104,2024-04-07,Home,Bukhara,136.25,3,408.75,Card,0.12
1265,C129,2024-02-22,Clothing,Andijan,258.07,2,516.14,CARD,0.13
1266,C011,2024-02-13,Sports,Andijan,67.72,2,135.44,Card,0.01
1267,C185,2024-04-08,Clothing,Tashkent,281.76,5,1408.8,Cash,0.13
1268,C178,2024-04-25,Electronics,Tashkent,249.03,4,996.12,card,0.19
1269,C151,2024-03-26,Home,Tashkent,163.06,1,163.06,card,0.11
1270,C159,2024-04-17,Clothing,Andijan,99.37,1,99.37,CARD,0.14
1271,C042,2024-01-24,Sports,Andijan,93.6,3,280.79999999999995,card,0.11
1272,C099,2024-03-21,Sports,Andijan,264.18,5,1320.9,card,0.17
1273,C007,2024-03-14,Clothing,Bukhara,347.48,3,1042.44,card,0.19
1274,C144,2024-01-30,Sports,Andijan,123.52,1,123.52,card,0.04
1275,C090,2024-04-29,Beauty,Bukhara,255.01,2,510.02,card,0.09
1276,C112,2024-02-28,Beauty,Tashkent,5.0,4,20.0,Cash,0.08
1277,C060,2024-04-19,Beauty,Tashkent,129.85,5,649.25,Card,
1278,C113,2024-03-27,Electronics,Tashkent,196.27,2,392.54,cash,0.03
1279,C002,2024-04-05,Clothing,Samarkand,90.84,4,363.36,card,0.16
1280,C129,2024-03-21,Electronics,Samarkand,87.62,5,438.1,cash,0.01
1281,C048,2024-04-23,Sports,Nukus,119.87,5,599.35,cash,
1282,C140,2024-04-24,Electronics,Nukus,235.06,1,235.06,Cash,0.13
1283,C197,2024-03-21,Sports,Nukus,177.52,2,355.04,card,0.04
1284,C037,2024-01-14,Sports,Samarkand,5.0,5,25.0,cash,0.18
1285,C160,2024-01-09,Home,Samarkand,5.0,5,25.0,card,0.17
1286,C009,2024-02-09,Beauty,Nukus,127.18,4,508.72,CARD,0.09
1287,C099,2024-03-06,Sports,Nukus,254.92,1,254.92,CARD,0.08
1288,C147,2024-04-18,Home,Andijan,5.0,3,15.0,CARD,0.05
1289,C048,2024-01-25,Beauty,Nukus,140.03,1,140.03,cash,0.15
1290,C131,2024-04-12,Sports,Andijan,136.85,3,410.54999999999995,CARD,0.03
1291,C148,2024-03-13,Sports,Bukhara,366.6,2,733.2,Cash,0.14
1292,C152,2024-04-27,Electronics,Samarkand,153.8,2,307.6,Cash,0.17
1293,C054,2024-01-22,Electronics,Nukus,245.96,5,1229.8,cash,0.05
1294,C120,2024-04-16,Beauty,Samarkand,216.95,2,433.9,card,0.17
1295,C161,2024-04-19,Sports,Samarkand,5.0,5,25.0,Card,0.01
1296,C152,2024-01-04,Clothing,Samarkand,292.18,1,292.18,card,0.18
1297,C116,2024-01-26,Electronics,Bukhara,225.85,2,451.7,card,0.02
1298,C075,2024-02-27,Beauty,Tashkent,260.99,1,260.99,card,0.13
1299,C113,2024-01-29,Sports,Nukus,671.15,1,671.15,card,0.05
1300,C164,2024-04-18,Sports,Tashkent,5.0,2,10.0,Card,0.17
1301,C166,2024-04-07,Clothing,Tashkent,406.96,1,406.96,CARD,0.1
1302,C104,2024-03-27,Beauty,Tashkent,165.51,2,331.02,card,0.03
1303,C084,2024-02-06,Sports,Samarkand,234.48,2,468.96,Cash,0.11
1304,C112,2024-03-15,Electronics,Andijan,194.54,2,389.08,cash,0.08
1305,C099,2024-03-10,Clothing,Samarkand,149.09,3,447.27,cash,0.13
1306,C153,2024-01-18,Beauty,Samarkand,131.62,1,131.62,Cash,0.18
1307,C093,2024-03-25,Clothing,Tashkent,239.54,4,958.16,card,0.08
1308,C146,2024-02-11,Electronics,Samarkand,17.94,2,35.88,Card,0.06
1309,C128,2024-04-09,Beauty,Tashkent,290.07,1,290.07,CARD,0.0
1310,C110,2024-02-10,Clothing,Andijan,150.06,5,750.3,cash,0.11
1311,C082,2024-02-07,Home,Nukus,64.39,2,128.78,CARD,0.08
1312,C194,2024-02-03,Electronics,Tashkent,146.0,2,292.0,Card,0.07
1313,C054,2024-01-17,Electronics,Andijan,350.86,4,1403.44,cash,0.04
1314,C163,2024-02-06,Electronics,Nukus,135.76,3,407.28,CARD,0.09
1315,C189,2024-01-25,Home,Bukhara,243.01,3,729.03,Card,0.2
1316,C169,2024-04-11,Home,Tashkent,112.29,2,224.58,CARD,0.06
1317,C161,2024-03-16,Sports,Tashkent,290.95,1,290.95,card,0.12
1318,C068,2024-03-27,Clothing,Bukhara,282.26,5,1411.3,Card,0.16
1319,C033,2024-04-26,Sports,Bukhara,421.83,5,2109.15,CARD,0.15
1320,C142,2024-04-15,Clothing,Tashkent,178.93,1,178.93,card,0.07
1321,C021,2024-03-26,Home,Bukhara,280.24,2,560.48,card,0.12
1322,C048,2024-03-25,Home,Samarkand,211.77,5,1058.8500000000001,Card,0.17
1323,C148,2024-01-27,Sports,Nukus,355.5,3,1066.5,Cash,0.0
1324,C128,2024-02-26,Beauty,Nukus,113.74,1,113.74,cash,0.09
1325,C136,2024-01-31,Sports,Nukus,289.4,4,1157.6,Card,
1326,C135,2024-01-06,Clothing,Samarkand,176.64,2,353.28,card,0.08
1327,C195,2024-03-31,Sports,Bukhara,192.3,1,192.3,card,0.08
1328,C145,2024-02-09,Electronics,Andijan,211.01,5,1055.05,Card,0.15
1329,C128,2024-04-07,Clothing,Bukhara,230.27,2,460.54,Cash,0.02
1330,C033,2024-01-12,Clothing,Tashkent,186.05,3,558.1500000000001,cash,0.1
1331,C176,2024-04-18,Beauty,Nukus,225.77,2,451.54,CARD,0.11
1332,C187,2024-02-22,Home,Bukhara,389.37,2,778.74,Card,0.1
1333,C115,2024-03-11,Clothing,Andijan,318.25,3,954.75,cash,0.15
1334,C119,2024-01-10,Home,Tashkent,304.3,3,912.9000000000001,cash,0.08
1335,C022,2024-02-14,Sports,Samarkand,145.34,2,290.68,card,0.19
1336,C158,2024-01-17,Electronics,Samarkand,93.29,3,279.87,CARD,
1337,C038,2024-01-26,Beauty,Andijan,314.64,1,314.64,Card,0.11
1338,C109,2024-03-25,Home,Tashkent,305.13,3,915.39,card,
1339,C051,2024-04-01,Clothing,Nukus,376.72,3,1130.16,card,0.06
1340,C182,2024-03-02,Home,Bukhara,127.52,2,255.04,Cash,0.02
1341,C008,2024-02-15,Clothing,Tashkent,172.45,1,172.45,cash,0.14
1342,C027,2024-03-04,Home,Samarkand,5.0,4,20.0,Card,0.1
1343,C027,2024-01-02,Clothing,Andijan,152.9,4,611.6,Card,0.18
1344,C021,2024-02-23,Sports,Andijan,2556.72,5,12783.599999999999,Card,0.2
1345,C030,2024-04-16,Clothing,Bukhara,144.02,3,432.06000000000006,card,0.08
1346,C097,2024-03-05,Clothing,Andijan,276.86,3,830.58,Cash,0.08
1347,C028,2024-02-20,Electronics,Andijan,177.14,1,177.14,CARD,0.08
1348,C111,2024-02-22,Clothing,Tashkent,238.89,4,955.56,card,0.06
1349,C192,2024-02-05,Electronics,Nukus,62.28,5,311.4,CARD,0.16
1350,C197,2024-04-24,Beauty,Bukhara,210.23,1,210.23,Cash,0.15
1351,C061,2024-01-26,Electronics,Tashkent,5.0,3,15.0,cash,0.1
1352,C048,2024-01-29,Sports,Nukus,177.57,4,710.28,Card,0.01
1353,C147,2024-01-21,Electronics,Tashkent,5.0,5,25.0,CARD,0.06
1354,C004,2024-01-11,Beauty,Tashkent,344.72,2,689.44,card,0.06
1355,C035,2024-02-09,Sports,Andijan,293.29,4,1173.16,CARD,0.16
1356,C192,2024-01-11,Home,Nukus,256.0,5,1280.0,cash,0.02
1357,C049,2024-02-05,Home,Bukhara,382.52,1,382.52,Card,0.16
1358,C017,2024-04-22,Electronics,Bukhara,86.13,2,172.26,CARD,0.13
1359,C172,2024-02-28,Electronics,Nukus,409.68,5,2048.4,cash,0.15
1360,C158,2024-02-08,Beauty,Andijan,311.86,5,1559.3000000000002,card,0.09
1361,C046,2024-04-13,Beauty,Samarkand,171.61,3,514.83,Cash,
1362,C117,2024-04-08,Clothing,Tashkent,336.27,4,1345.08,card,0.12
1363,C006,2024-02-23,Beauty,Andijan,67.24,3,201.71999999999997,Card,0.15
1364,C099,2024-04-07,Clothing,Nukus,101.06,2,202.12,card,0.09
1365,C124,2024-02-24,Sports,Tashkent,126.97,5,634.85,card,0.09
1366,C037,2024-04-20,Electronics,Bukhara,136.52,3,409.56000000000006,card,0.13
1367,C024,2024-01-24,Sports,Samarkand,73.21,4,292.84,card,0.02
1368,C093,2024-04-27,Beauty,Bukhara,346.77,2,693.54,Card,0.09
1369,C046,2024-01-22,Sports,Nukus,168.94,1,168.94,cash,0.19
1370,C181,2024-03-09,Sports,Tashkent,242.3,3,726.9000000000001,CARD,0.01
1371,C095,2024-02-25,Sports,Nukus,131.56,2,263.12,Cash,0.06
1372,C099,2024-02-02,Beauty,Tashkent,5.0,1,5.0,CARD,0.06
1373,C188,2024-02-05,Sports,Andijan,232.41,3,697.23,CARD,0.13
1374,C116,2024-04-20,Clothing,Samarkand,5.0,2,10.0,Cash,0.02
1375,C191,2024-01-20,Beauty,Andijan,191.76,2,383.52,Card,0.13
1376,C160,2024-03-23,Sports,Andijan,35.8,3,107.39999999999999,Cash,0.02
1377,C161,2024-04-08,Beauty,Nukus,438.47,2,876.94,Card,0.02
1378,C067,2024-04-25,Home,Samarkand,309.36,5,1546.8000000000002,CARD,0.15
1379,C128,2024-04-16,Clothing,Tashkent,212.69,3,638.0699999999999,Card,0.06
1380,C018,2024-03-21,Sports,Tashkent,351.64,2,703.28,cash,0.2
1381,C025,2024-03-02,Home,Bukhara,98.44,1,98.44,Cash,0.01
1382,C054,2024-04-18,Home,Tashkent,265.22,1,265.22,cash,0.09
1383,C058,2024-04-16,Beauty,Nukus,223.98,5,1119.8999999999999,CARD,0.02
1384,C067,2024-04-07,Home,Andijan,231.68,3,695.04,Cash,0.07
1385,C104,2024-03-13,Clothing,Andijan,352.68,2,705.36,CARD,0.2
1386,C174,2024-01-26,Clothing,Andijan,287.9,2,575.8,cash,0.18
1387,C024,2024-03-06,Electronics,Samarkand,234.65,1,234.65,CARD,0.01
1388,C114,2024-04-26,Clothing,Tashkent,5.0,5,25.0,Cash,0.11
1389,C032,2024-03-13,Home,Nukus,84.79,1,84.79,Cash,0.13
1390,C175,2024-03-13,Clothing,Samarkand,185.27,1,185.27,CARD,
1391,C086,2024-02-09,Beauty,Bukhara,211.2,5,1056.0,Cash,0.03
1392,C151,2024-01-17,Electronics,Nukus,64.38,3,193.14,Cash,0.18
1393,C194,2024-01-01,Home,Nukus,489.4,2,978.8,CARD,0.19
1394,C127,2024-03-29,Electronics,Nukus,381.97,3,1145.91,cash,0.2
1395,C155,2024-03-01,Home,Andijan,272.25,4,1089.0,Cash,
1396,C130,2024-02-12,Beauty,Nukus,208.64,4,834.56,Cash,0.13
1397,C017,2024-04-13,Electronics,Tashkent,174.53,4,698.12,Cash,0.07
1398,C104,2024-02-11,Sports,Nukus,85.77,5,428.84999999999997,Cash,0.03
1399,C161,2024-01-25,Home,Andijan,,1,209.3,CARD,0.02
1400,C137,2024-02-08,Sports,Nukus,230.93,3,692.79,cash,0.14
1401,C043,2024-02-04,Electronics,Bukhara,50.99,2,101.98,cash,0.16
1402,C176,2024-01-03,Sports,Bukhara,240.1,4,960.4,Card,0.17
1403,C039,2024-04-23,Sports,Andijan,181.37,3,544.11,Cash,0.18
1404,C170,2024-04-10,Electronics,Tashkent,5.0,4,20.0,Cash,0.18
1405,C026,2024-04-17,Beauty,Tashkent,96.75,4,387.0,Card,0.2
1406,C099,2024-02-13,Sports,Samarkand,150.37,2,300.74,cash,0.05
1407,C050,,Sports,Andijan,426.52,5,2132.6,card,0.15
1408,C153,2024-04-03,,Nukus,266.79,,266.79,card,0.12
1409,C152,2024-04-11,Sports,Andijan,39.74,5,198.70000000000002,cash,0.05
1410,C013,2024-04-07,Sports,Samarkand,258.32,3,774.96,Cash,0.2
1411,C060,2024-01-12,Sports,Andijan,14.32,5,71.6,card,0.18
1412,C135,2024-01-19,Clothing,Andijan,329.92,3,989.76,CARD,0.03
1413,C057,2024-04-10,Beauty,Samarkand,143.47,3,430.40999999999997,CARD,0.01
1414,C036,2024-02-13,Sports,Tashkent,188.76,1,188.76,Card,0.14
1415,C173,2024-02-28,Beauty,Nukus,359.1,2,718.2,cash,0.12
1416,C020,2024-02-18,Home,Samarkand,45.54,1,45.54,cash,0.19
1417,C065,2024-03-01,Home,Bukhara,32.35,5,161.75,card,0.05
1418,C008,2024-01-17,Sports,Tashkent,129.97,3,389.90999999999997,Cash,0.02
1419,C144,2024-03-14,Beauty,Bukhara,324.61,4,1298.44,cash,
1420,C142,2024-02-26,Beauty,Tashkent,17.68,4,70.72,card,0.0
1421,C115,2024-02-24,Beauty,Nukus,5.0,3,15.0,card,0.01
1422,C143,2024-04-22,Clothing,Nukus,145.86,1,145.86,cash,0.18
1423,C092,2024-02-16,Home,Andijan,266.21,2,532.42,card,0.07
1424,C098,2024-01-12,Beauty,Bukhara,344.03,1,344.03,Card,0.08
1425,C066,2024-03-02,Beauty,Tashkent,,3,433.26,Card,0.0
1426,C032,2024-03-20,Clothing,Nukus,150.63,3,451.89,cash,
1427,C191,2024-03-28,Clothing,Samarkand,338.47,2,676.94,Cash,
1428,C086,2024-03-23,Beauty,Nukus,5.0,5,25.0,Card,0.12
1429,C051,2024-01-08,Electronics,Samarkand,153.38,5,766.9,Card,0.15
1430,C153,2024-04-04,Beauty,Tashkent,222.85,2,445.7,cash,0.09
1431,C186,2024-01-21,Beauty,Nukus,253.91,5,1269.55,CARD,0.06
1432,C063,2024-03-21,Clothing,Nukus,138.82,4,555.28,card,0.1
1433,C190,2024-03-27,Clothing,Tashkent,204.13,5,1020.65,Card,0.06
1434,C125,2024-04-10,Beauty,Nukus,5.0,5,25.0,CARD,0.17
1435,C150,2024-04-27,Beauty,Samarkand,121.01,5,605.0500000000001,Cash,0.06
1436,C058,2024-03-20,Beauty,Nukus,254.42,4,1017.68,CARD,0.13
1437,C058,2024-03-10,Clothing,Bukhara,82.12,5,410.6,cash,0.03
1438,C086,2024-03-12,Beauty,Andijan,207.08,4,828.32,Cash,0.14
1439,C049,2024-01-25,Beauty,Samarkand,253.62,2,507.24,Cash,0.18
1440,C180,2024-03-22,Sports,Bukhara,158.89,1,158.89,CARD,0.12
1441,C170,2024-03-29,Electronics,Tashkent,220.46,2,440.92,cash,0.11
1442,C070,2024-01-12,Home,Samarkand,84.47,1,84.47,Card,0.19
1443,C015,2024-01-15,Electronics,Andijan,175.21,2,350.42,CARD,0.13
1444,C054,2024-02-28,Sports,Andijan,273.23,1,273.23,Card,0.05
1445,C188,2024-01-26,Home,Tashkent,218.84,1,218.84,CARD,0.06
1446,C101,2024-04-14,Beauty,Tashkent,129.62,3,388.86,Card,0.14
1447,C008,2024-04-18,Sports,Samarkand,226.91,1,226.91,CARD,0.15
1448,C053,2024-01-26,Beauty,Nukus,285.75,1,285.75,Cash,0.06
1449,C060,2024-02-16,Clothing,Tashkent,5.0,3,15.0,card,0.07
1450,C108,2024-02-01,Sports,Nukus,339.09,5,1695.4499999999998,Cash,0.2
1451,C005,2024-01-10,Clothing,Bukhara,159.65,5,798.25,Card,0.02
1452,C103,2024-01-16,Sports,Andijan,251.06,3,753.1800000000001,cash,0.08
1453,C196,2024-03-11,Sports,Nukus,343.67,4,1374.68,Cash,0.01
1454,C006,2024-01-17,Clothing,Andijan,35.4,1,35.4,card,0.16
1455,C109,2024-01-23,Home,Nukus,114.87,1,114.87,Card,0.02
1456,C116,2024-01-26,Electronics,Bukhara,165.37,3,496.11,Cash,0.13
1457,C094,,Beauty,Tashkent,105.95,3,317.85,CARD,0.01
1458,C047,2024-03-26,Sports,Bukhara,408.19,4,1632.76,cash,0.13
1459,C099,2024-01-07,Beauty,Tashkent,97.19,5,485.95,Card,0.17
1460,C055,2024-01-14,Clothing,Tashkent,133.33,2,266.66,Cash,
1461,C168,2024-03-19,Beauty,Andijan,224.53,5,1122.65,Card,0.1
1462,C052,2024-04-26,Clothing,Bukhara,55.74,1,55.74,CARD,0.08
1463,C144,2024-01-07,Beauty,Nukus,152.52,3,457.56000000000006,card,0.06
1464,C013,2024-01-09,Electronics,Bukhara,238.09,4,952.36,Cash,0.16
1465,C114,2024-04-24,Electronics,Andijan,160.06,5,800.3,Card,0.05
1466,C124,2024-02-17,Electronics,Tashkent,188.79,4,755.16,Card,0.14
1467,C106,2024-03-12,Electronics,Andijan,136.48,5,682.4,Card,0.04
1468,C158,2024-04-23,Electronics,Samarkand,18.26,1,18.26,card,0.05
1469,C147,2024-02-28,Electronics,Samarkand,238.59,2,477.18,Card,0.07
1470,C145,2024-03-27,Clothing,Nukus,410.59,4,1642.36,cash,0.12
1471,C120,2024-04-02,Sports,Andijan,202.21,4,808.84,cash,0.09
1472,C063,2024-03-22,Beauty,Nukus,227.03,2,454.06,Card,0.15
1473,C019,2024-04-04,Electronics,Nukus,283.13,4,1132.52,cash,0.04
1474,C092,2024-04-03,Clothing,Samarkand,47.68,4,190.72,Cash,0.0
1475,C058,2024-04-25,Clothing,Nukus,404.3,5,2021.5,cash,0.16
1476,C183,2024-02-08,Clothing,Samarkand,224.28,5,1121.4,Card,0.16
1477,C090,2024-04-08,Sports,Tashkent,395.82,2,791.64,CARD,0.01
1478,C117,2024-01-18,Beauty,Andijan,112.04,1,112.04,Cash,
1479,C062,2024-02-28,Sports,Nukus,418.17,4,1672.68,card,0.08
1480,C023,2024-04-15,Home,Samarkand,293.02,1,293.02,Card,0.16
1481,C127,2024-04-12,Clothing,Bukhara,266.36,2,532.72,card,
1482,C137,2024-01-17,Home,,228.08,2,456.16,CARD,0.17
1483,C140,2024-01-14,Electronics,Tashkent,170.18,5,850.9000000000001,card,0.16
1484,C129,2024-01-31,Electronics,,344.06,4,1376.24,Card,0.05
1485,C058,2024-01-24,Sports,Bukhara,216.84,3,650.52,Card,0.16
1486,C122,2024-04-08,Beauty,Samarkand,5.0,2,10.0,CARD,0.11
1487,C001,2024-04-17,Home,Nukus,65.94,4,263.76,Card,0.01
1488,C034,2024-02-29,Beauty,Samarkand,177.7,1,177.7,CARD,
1489,C096,2024-02-14,Sports,Tashkent,237.2,5,1186.0,CARD,0.19
1490,C126,2024-04-07,Electronics,Samarkand,193.21,1,193.21,Card,0.18
1491,C118,2024-01-03,Beauty,Tashkent,346.28,2,692.56,cash,0.02
1492,C048,2024-02-06,Beauty,Samarkand,5.0,2,10.0,CARD,0.15
1493,C089,2024-02-12,Electronics,Bukhara,217.23,1,217.23,Card,0.16
1494,C117,2024-02-09,Home,Andijan,5.0,2,10.0,cash,0.05
1495,C129,2024-03-30,Electronics,Bukhara,291.17,4,1164.68,CARD,0.09
1496,C016,2024-02-24,Beauty,Bukhara,188.66,2,377.32,cash,0.14
1497,C189,2024-03-27,Home,Andijan,250.35,5,1251.75,Cash,0.09
1498,C192,2024-04-17,Home,Andijan,96.33,4,385.32,Cash,0.02
1499,C191,2024-02-08,Electronics,Nukus,353.54,3,1060.6200000000001,cash,0.14
1500,C069,2024-01-15,Beauty,Nukus,325.01,2,650.02,CARD,0.18
1501,C022,2024-04-29,Sports,Bukhara,270.03,2,540.06,Card,0.13
1502,C093,2024-04-22,Beauty,Bukhara,184.46,5,922.3000000000001,card,0.15
1503,C195,2024-01-04,Clothing,Tashkent,269.58,5,1347.8999999999999,Card,0.07
1504,C076,2024-04-02,Sports,Tashkent,115.17,1,115.17,card,0.04
1505,C154,2024-03-26,Home,Nukus,302.67,1,302.67,card,0.13
1506,C144,2024-01-25,Sports,Nukus,397.94,1,397.94,CARD,0.07
1507,C179,2024-01-13,Home,Tashkent,328.47,5,1642.3500000000001,cash,0.17
1508,C086,2024-03-22,Home,Tashkent,112.45,1,112.45,Card,0.02
1509,C185,2024-02-02,Sports,Samarkand,243.37,1,243.37,cash,0.09
1510,C029,2024-01-16,Home,Samarkand,44.82,3,134.46,Cash,0.08
1511,C069,2024-04-18,Home,Tashkent,268.69,1,268.69,CARD,0.19
1512,C047,2024-02-11,Clothing,Samarkand,254.07,2,508.14,CARD,0.03
1513,C094,2024-04-17,Beauty,Andijan,5.0,5,25.0,Cash,0.0
1514,C190,2024-03-06,Beauty,Nukus,60.59,4,242.36,Card,0.05
1515,C197,2024-02-24,Clothing,Nukus,166.02,3,498.06000000000006,Cash,0.16
1516,C144,2024-04-08,Sports,Tashkent,163.9,5,819.5,Card,0.04
1517,C176,2024-02-11,Electronics,Bukhara,54.86,5,274.3,card,0.05
1518,C085,2024-02-03,Electronics,Tashkent,246.68,2,493.36,CARD,0.03
1519,C039,2024-01-30,Electronics,Samarkand,230.18,1,230.18,Card,0.14
1520,C100,2024-04-28,Clothing,Bukhara,176.69,2,353.38,cash,0.01
1521,C033,2024-01-13,Clothing,Samarkand,109.31,1,109.31,cash,
1522,C101,2024-01-13,Home,Andijan,325.84,1,325.84,CARD,0.06
1523,C023,2024-01-18,Electronics,Samarkand,398.65,5,1993.25,Cash,0.11
1524,C010,2024-02-01,Sports,Andijan,141.97,1,141.97,Cash,0.15
1525,C069,2024-04-05,Sports,Andijan,126.54,3,379.62,Card,0.11
1526,C100,2024-04-08,Electronics,Samarkand,258.94,3,776.8199999999999,Cash,0.19
1527,C034,2024-02-08,Electronics,Samarkand,157.04,3,471.12,CARD,0.19
1528,C180,2024-02-15,Electronics,Andijan,183.27,5,916.35,Card,0.07
1529,C138,2024-04-25,Clothing,Bukhara,288.76,2,577.52,card,0.16
1530,C147,2024-01-29,Clothing,Andijan,5.0,4,20.0,Cash,0.15
1531,C186,2024-03-02,Clothing,Nukus,358.2,1,358.2,Cash,0.18
1532,C096,2024-04-22,Beauty,Andijan,208.72,4,834.88,Card,0.09
1533,C001,2024-04-02,Sports,Bukhara,150.62,2,301.24,cash,0.11
1534,C069,2024-03-02,Sports,Nukus,189.29,2,378.58,Cash,0.08
1535,C004,2024-04-26,Home,Tashkent,195.49,5,977.45,CARD,0.17
1536,C016,2024-04-17,Clothing,Tashkent,5.0,3,15.0,Cash,0.05
1537,C024,2024-02-26,Beauty,Bukhara,379.39,3,1138.17,card,0.05
1538,C080,2024-01-16,Beauty,Andijan,204.96,2,409.92,Cash,0.07
1539,C002,2024-02-25,Sports,Samarkand,253.16,5,1265.8,cash,0.05
1540,C128,2024-04-17,Clothing,Bukhara,314.19,5,1570.95,Cash,0.11
1541,C160,2024-04-20,Home,Nukus,77.46,1,77.46,Card,0.03
1542,C084,2024-01-10,Clothing,Nukus,256.82,3,770.46,Cash,0.06
1543,C152,2024-01-30,Electronics,Tashkent,167.88,2,335.76,cash,0.18
1544,C140,2024-01-25,Clothing,Nukus,301.61,4,1206.44,Card,
1545,C178,2024-04-12,,Bukhara,5.0,3,15.0,CARD,0.15
1546,C163,2024-03-24,Electronics,Nukus,188.11,1,188.11,Card,
1547,C124,2024-01-05,Home,Bukhara,127.66,5,638.3,card,
1548,C033,2024-03-05,Sports,Samarkand,251.87,2,503.74,Card,0.16
1549,C161,2024-04-03,Clothing,Tashkent,256.41,3,769.23,CARD,0.15
1550,C189,2024-02-18,Electronics,Nukus,115.08,4,460.32,Cash,0.08
1551,C179,2024-01-03,Clothing,Bukhara,114.54,1,114.54,Card,
1552,C171,2024-02-14,Sports,Andijan,186.72,1,186.72,Card,0.18
1553,C101,2024-01-14,Sports,Tashkent,92.4,3,277.20000000000005,Card,0.19
1554,C012,2024-04-29,Beauty,Samarkand,301.04,4,1204.16,Card,0.09
1555,C067,2024-01-30,Sports,Bukhara,155.7,1,155.7,CARD,0.04
1556,C065,2024-04-23,Home,Samarkand,5.0,2,10.0,cash,0.13
1557,C161,2024-03-08,Electronics,Samarkand,155.02,1,155.02,cash,0.14
1558,C168,2024-01-18,Beauty,Nukus,75.37,4,301.48,Card,0.03
1559,C074,2024-03-02,Home,Nukus,5.0,5,25.0,CARD,0.16
1560,C043,2024-02-06,Clothing,Bukhara,51.51,5,257.55,CARD,0.0
1561,C044,2024-01-25,Electronics,Andijan,213.13,3,639.39,Card,0.1
1562,C029,2024-02-17,Sports,Bukhara,359.44,4,1437.76,card,0.07
1563,C141,2024-03-05,Electronics,Andijan,237.58,1,237.58,Card,0.15
1564,C012,2024-02-22,Clothing,Samarkand,127.22,1,127.22,card,0.06
1565,C095,2024-04-19,Beauty,Tashkent,254.71,5,1273.55,Card,0.17
1566,C046,2024-03-19,Beauty,Bukhara,144.91,5,724.55,card,0.12
1567,C130,2024-03-13,Beauty,Bukhara,116.65,2,233.3,card,0.16
1568,C035,2024-01-15,Sports,Andijan,61.48,5,307.4,Card,0.2
1569,C081,2024-02-18,Home,Samarkand,5.0,2,10.0,card,0.14
1570,C090,2024-03-28,Home,Samarkand,153.21,1,153.21,Cash,0.2
1571,C008,2024-03-08,Electronics,Andijan,218.97,2,437.94,cash,0.01
1572,C093,2024-01-12,Sports,Samarkand,188.41,2,376.82,CARD,
1573,C154,2024-02-28,Beauty,Nukus,150.08,3,450.24,card,0.02
1574,C090,2024-02-06,Beauty,Tashkent,86.51,5,432.55,card,0.05
1575,C162,2024-03-01,Clothing,Bukhara,272.99,2,545.98,CARD,0.17
1576,C115,2024-04-10,Clothing,Tashkent,41.94,1,41.94,card,0.01
1577,C105,2024-02-12,Beauty,Bukhara,293.12,4,1172.48,CARD,0.1
1578,C135,2024-03-10,Beauty,Nukus,79.73,2,159.46,Card,0.11
1579,C196,2024-02-08,Sports,Samarkand,109.71,5,548.55,Cash,0.11
1580,C058,2024-02-25,Home,Andijan,23.99,3,71.97,Cash,0.1
1581,C114,2024-03-03,Clothing,Nukus,1118.64,1,1118.64,cash,0.16
1582,C075,2024-02-15,Home,Tashkent,317.04,3,951.1200000000001,card,0.03
1583,C157,2024-03-28,Sports,Andijan,261.88,4,1047.52,cash,0.06
1584,C120,2024-01-11,Beauty,Samarkand,317.41,2,634.82,Card,0.12
1585,C164,2024-03-02,Home,Nukus,262.66,2,525.32,Cash,0.14
1586,C021,2024-03-17,Beauty,Andijan,67.56,5,337.8,Card,0.08
1587,C164,2024-04-07,Beauty,Nukus,160.31,2,320.62,Card,0.18
1588,C138,2024-01-25,Electronics,Nukus,106.38,1,106.38,card,0.08
1589,C101,2024-03-11,Home,Samarkand,359.67,4,1438.68,Card,0.08
1590,C152,2024-02-21,Home,,56.39,3,169.17000000000002,Cash,0.01
1591,C192,2024-01-04,Beauty,Andijan,307.24,4,1228.96,cash,0.11
1592,C177,2024-02-28,Sports,Samarkand,307.15,2,614.3,Cash,0.14
1593,C099,2024-03-12,Electronics,Nukus,419.55,3,1258.65,card,0.02
1594,C036,2024-01-20,Beauty,Samarkand,150.84,5,754.2,Cash,0.06
1595,C096,2024-04-02,Clothing,Bukhara,285.48,4,1141.92,CARD,0.16
1596,C152,2024-03-03,Clothing,Andijan,473.8,3,1421.4,cash,0.07
1597,C151,2024-02-23,Electronics,Bukhara,125.88,3,377.64,CARD,0.05
1598,C190,2024-04-26,Sports,Tashkent,15.8,3,47.400000000000006,CARD,0.13
1599,C037,2024-04-24,Beauty,Andijan,5.0,1,5.0,card,0.04
1600,,2024-04-18,Home,Bukhara,285.53,4,1142.12,Card,0.18
1601,C113,2024-04-19,Electronics,Nukus,5.0,3,15.0,CARD,0.02
1602,C183,2024-03-14,Sports,Andijan,155.32,4,621.28,Cash,0.14
1603,C013,2024-04-16,Home,Andijan,252.48,3,757.4399999999999,Card,0.1
1604,C023,2024-04-07,Clothing,Samarkand,222.22,5,1111.1,Cash,0.17
1605,C099,2024-02-26,Clothing,Nukus,251.05,5,1255.25,Cash,0.03
1606,C105,2024-03-30,Home,Tashkent,226.67,5,1133.35,Card,0.14
1607,C030,2024-02-10,Electronics,Bukhara,353.46,2,706.92,Card,0.11
1608,C017,2024-04-22,Clothing,Samarkand,85.72,3,,Cash,0.1
1609,,2024-01-03,Beauty,Bukhara,118.76,2,237.52,card,0.1
1610,C062,2024-04-29,Home,Tashkent,107.28,4,429.12,cash,0.14
1611,C084,2024-01-06,Home,Tashkent,299.62,2,599.24,cash,
1612,C112,2024-01-05,Clothing,Andijan,308.05,4,1232.2,card,
1613,C086,2024-01-05,Electronics,Tashkent,254.15,4,1016.6,Card,0.0
1614,C141,2024-02-23,Beauty,Bukhara,342.02,4,1368.08,Cash,0.16
1615,C187,2024-02-16,Electronics,Nukus,58.64,2,117.28,cash,0.02
1616,C019,2024-03-27,Sports,Nukus,400.07,3,1200.21,Cash,0.2
1617,C177,2024-02-18,Sports,Andijan,382.79,2,765.58,card,0.12
1618,C100,2024-01-09,Clothing,Bukhara,288.27,3,864.81,Cash,0.13
1619,C140,2024-04-08,Clothing,Bukhara,413.82,3,1241.46,card,0.04
1620,C189,2024-01-20,Clothing,Tashkent,5.0,4,20.0,Card,
1621,C147,2024-04-22,Sports,Bukhara,137.07,2,274.14,card,0.13
1622,C076,2024-03-01,Electronics,Samarkand,111.76,3,335.28000000000003,card,0.18
1623,C009,2024-04-15,Electronics,Tashkent,286.58,5,1432.8999999999999,cash,0.2
1624,C199,2024-02-04,Clothing,Samarkand,73.98,3,221.94,Cash,0.04
1625,C028,2024-02-19,Beauty,Andijan,290.9,5,1454.5,cash,0.03
1626,C128,2024-03-22,Electronics,Nukus,364.46,2,728.92,CARD,
1627,C052,2024-03-02,Sports,Andijan,283.42,2,566.84,card,
1628,C083,2024-01-17,Home,Nukus,234.05,2,468.1,CARD,0.06
1629,C111,2024-03-28,Home,Andijan,81.46,3,244.38,cash,0.0
1630,C144,2024-01-03,Home,Bukhara,98.38,1,98.38,Cash,0.04
1631,C117,2024-02-01,Beauty,Samarkand,349.95,3,1049.85,cash,0.07
1632,C069,2024-04-08,Clothing,Nukus,293.52,3,880.56,Cash,
1633,C099,2024-04-11,Sports,Tashkent,195.32,4,781.28,Cash,0.1
1634,C140,2024-01-13,Beauty,Samarkand,149.85,4,599.4,Card,0.04
1635,C025,2024-04-29,Sports,Tashkent,5.0,3,15.0,card,0.07
1636,C180,2024-04-20,Sports,Samarkand,71.5,5,357.5,cash,0.07
1637,C123,2024-03-29,Clothing,Samarkand,429.37,4,1717.48,Cash,
1638,C053,2024-03-13,Home,Andijan,46.35,3,139.05,cash,0.03
1639,C151,2024-03-08,Clothing,Nukus,222.74,1,222.74,cash,0.14
1640,C144,2024-01-14,Beauty,Nukus,320.89,5,1604.4499999999998,Cash,
1641,C057,2024-04-10,Beauty,Samarkand,49.41,2,98.82,CARD,0.05
1642,C039,2024-04-07,Beauty,Bukhara,222.17,3,666.51,card,0.07
1643,C109,2024-01-11,Clothing,Bukhara,312.55,3,937.6500000000001,card,0.15
1644,C181,2024-04-14,Sports,Tashkent,201.5,5,1007.5,Card,0.12
1645,C042,2024-02-25,Sports,Tashkent,544.21,4,2176.84,Card,0.14
1646,C186,2024-03-07,Electronics,Andijan,5.0,4,20.0,Card,0.11
1647,C167,2024-04-01,Beauty,Samarkand,327.05,4,1308.2,card,0.14
1648,C142,2024-01-29,Sports,Tashkent,179.26,2,358.52,CARD,0.0
1649,C122,2024-01-09,Electronics,Tashkent,292.63,5,1463.15,card,0.19
1650,C133,2024-03-07,Sports,Samarkand,252.96,5,1264.8,card,
1651,C163,2024-01-25,Beauty,,112.02,4,448.08,card,0.08
1652,C075,2024-04-07,Home,Tashkent,227.48,4,909.92,card,
1653,C146,2024-03-16,Beauty,Andijan,5.0,1,5.0,CARD,
1654,C076,2024-02-11,Clothing,Nukus,272.39,1,272.39,Card,0.19
1655,C009,2024-01-09,Sports,Andijan,235.78,3,707.34,cash,
1656,C074,2024-03-19,Sports,Bukhara,276.64,3,829.92,Card,0.17
1657,C186,2024-02-09,Clothing,Bukhara,326.97,5,1634.8500000000001,Card,
1658,C145,2024-01-25,Clothing,Andijan,244.11,5,1220.5500000000002,cash,0.2
1659,C007,2024-01-05,Home,Bukhara,217.77,2,435.54,card,
1660,C174,2024-01-11,Sports,Nukus,94.27,2,188.54,CARD,
1661,C141,2024-02-28,Sports,Samarkand,114.53,1,114.53,CARD,0.15
1662,C168,2024-04-07,Home,Bukhara,342.41,3,1027.23,Card,0.07
1663,C170,2024-03-28,Electronics,Bukhara,372.36,1,372.36,cash,0.02
1664,C137,2024-03-19,Home,Andijan,171.43,1,171.43,Cash,0.14
1665,C178,2024-02-07,Beauty,Nukus,205.52,3,616.5600000000001,card,0.2
1666,C027,2024-03-12,Sports,Samarkand,91.45,2,182.9,Card,0.15
1667,C122,2024-01-05,Clothing,Andijan,340.73,3,1022.19,CARD,
1668,C194,2024-02-17,Beauty,Andijan,279.85,4,1119.4,cash,0.16
1669,C005,2024-03-30,Sports,Nukus,432.95,4,1731.8,cash,0.03
1670,C029,2024-01-18,Home,Samarkand,94.6,4,378.4,Card,0.05
1671,C165,2024-03-10,Beauty,Nukus,154.64,5,773.1999999999999,Cash,0.07
1672,C166,2024-02-06,Sports,Samarkand,227.77,2,455.54,CARD,
1673,C083,2024-02-29,Electronics,Nukus,277.58,2,555.16,Card,0.12
1674,C136,2024-02-17,Electronics,Andijan,174.12,5,870.6,Cash,0.2
1675,C109,2024-03-17,Clothing,Andijan,95.24,1,95.24,cash,0.15
1676,C065,2024-01-28,Sports,Tashkent,305.77,4,1223.08,card,
1677,C086,2024-03-09,Electronics,Bukhara,286.54,4,1146.16,CARD,0.0
1678,C145,2024-03-17,Home,Nukus,90.05,1,90.05,CARD,0.06
1679,C071,2024-03-21,Sports,Tashkent,362.65,3,1087.9499999999998,Cash,0.11
1680,C045,2024-04-23,Home,Bukhara,340.42,3,1021.26,Card,0.06
1681,C132,2024-02-09,Home,Nukus,216.12,2,432.24,cash,0.02
1682,C036,2024-02-14,,Samarkand,209.55,5,1047.75,Cash,0.09
1683,C070,2024-04-05,Sports,Bukhara,266.49,2,532.98,card,0.05
1684,C159,2024-03-02,Beauty,Andijan,96.6,3,289.79999999999995,card,0.18
1685,C019,2024-04-02,Electronics,Tashkent,203.6,1,203.6,card,0.02
1686,C189,2024-04-24,Electronics,Bukhara,5.0,2,10.0,Cash,0.01
1687,C108,2024-02-27,Sports,Bukhara,305.17,4,1220.68,cash,0.0
1688,C182,2024-03-07,Sports,Andijan,12.62,4,50.48,CARD,0.07
1689,C167,2024-02-25,Home,Nukus,380.41,1,380.41,Card,0.13
1690,C091,2024-02-09,Sports,Samarkand,160.39,3,481.16999999999996,CARD,
1691,C090,2024-04-07,Home,Andijan,174.6,4,698.4,cash,0.09
1692,C019,2024-02-09,Electronics,Samarkand,124.67,4,498.68,CARD,
1693,C039,2024-03-31,Clothing,Nukus,165.44,5,827.2,Cash,0.07
1694,C126,2024-03-17,Beauty,Bukhara,370.22,2,740.44,card,0.13
1695,C195,2024-04-18,Electronics,Samarkand,5.0,3,15.0,cash,0.01
1696,C173,2024-02-02,Sports,Tashkent,353.24,2,706.48,cash,0.08
1697,C141,2024-01-06,Beauty,Tashkent,240.56,3,721.6800000000001,CARD,0.16
1698,C126,2024-03-28,Clothing,Andijan,55.16,4,220.64,Cash,0.16
1699,C058,2024-01-19,Clothing,Nukus,70.96,5,354.79999999999995,CARD,0.14
1700,C148,2024-03-20,Home,Andijan,401.17,2,802.34,CARD,0.04
1701,C061,2024-02-09,Beauty,Andijan,86.54,4,346.16,cash,0.05
1702,C127,2024-04-01,Home,Andijan,61.6,3,184.8,CARD,
1703,C105,2024-04-06,Electronics,Tashkent,336.48,2,672.96,card,0.02
1704,C167,2024-02-28,Beauty,Tashkent,240.63,2,481.26,CARD,0.04
1705,C001,2024-02-28,Electronics,Andijan,87.45,4,349.8,card,0.03
1706,C131,2024-02-17,Home,Tashkent,225.99,2,451.98,cash,0.07
1707,C092,2024-02-10,Beauty,Nukus,76.91,5,384.54999999999995,Cash,
1708,C190,2024-01-13,Home,Andijan,332.1,5,1660.5,card,0.1
1709,C191,2024-04-16,Beauty,Tashkent,327.36,4,1309.44,Cash,0.1
1710,C113,2024-02-14,Home,Samarkand,263.84,3,791.52,Cash,0.18
1711,C153,2024-03-29,Clothing,Andijan,243.4,4,973.6,card,0.01
1712,C056,2024-02-22,Home,Andijan,411.34,5,2056.7,cash,0.06
1713,C161,2024-02-11,Clothing,Nukus,199.96,1,199.96,Card,0.12
1714,C166,2024-04-09,Home,Bukhara,58.18,1,58.18,Cash,0.12
1715,C117,2024-03-03,Beauty,Bukhara,253.94,2,507.88,Cash,0.1
1716,C134,2024-01-27,Beauty,Nukus,450.33,2,900.66,cash,0.16
1717,C058,2024-02-07,Beauty,Nukus,78.23,1,78.23,cash,0.01
1718,C044,2024-02-29,Sports,Nukus,156.62,5,783.1,CARD,0.16
1719,C173,2024-01-07,Electronics,Bukhara,249.97,2,499.94,cash,0.1
1720,C160,2024-01-05,Beauty,Nukus,193.53,4,774.12,Cash,0.03
1721,C173,2024-04-16,Clothing,Tashkent,82.12,4,328.48,card,0.18
1722,C061,2024-02-14,Beauty,Andijan,334.62,5,1673.1,Card,0.13
1723,C047,,Sports,Andijan,478.4,2,956.8,CARD,0.03
1724,C149,2024-04-24,Clothing,Samarkand,223.54,4,894.16,card,0.01
1725,C080,2024-01-31,Sports,Samarkand,91.51,2,183.02,Card,
1726,C118,2024-01-23,Clothing,Andijan,14.12,2,28.24,Card,0.12
1727,C164,2024-02-11,Home,Tashkent,230.96,4,923.84,Card,0.04
1728,C147,2024-01-10,Electronics,Bukhara,332.47,1,332.47,card,0.05
1729,C020,2024-02-01,Electronics,Bukhara,257.02,4,1028.08,CARD,0.01
1730,C185,2024-04-16,Sports,Tashkent,199.71,5,998.5500000000001,CARD,
1731,C146,2024-02-22,Electronics,Bukhara,129.29,3,387.87,Card,0.16
1732,C047,2024-01-30,Sports,Nukus,68.94,4,275.76,card,0.16
1733,C049,2024-02-08,Sports,Andijan,300.17,2,600.34,Card,
1734,C014,2024-01-31,Sports,Andijan,309.65,2,619.3,cash,
1735,C143,2024-03-22,Electronics,Tashkent,14.51,4,58.04,CARD,0.13
1736,C159,2024-04-09,Sports,Bukhara,390.78,3,1172.34,Cash,0.18
1737,C001,2024-01-02,Electronics,Samarkand,268.89,4,1075.56,Card,0.09
1738,C117,2024-03-18,Sports,Samarkand,367.95,3,1103.85,cash,0.09
1739,C054,2024-03-17,Beauty,Bukhara,38.94,3,116.82,CARD,0.16
1740,C118,2024-04-02,Sports,Samarkand,36.1,5,180.5,card,0.02
1741,C003,2024-01-12,Clothing,Tashkent,182.12,2,364.24,CARD,0.1
1742,C144,2024-02-08,Sports,Tashkent,260.33,2,520.66,card,0.17
1743,C185,2024-03-06,Home,Bukhara,415.56,3,1246.68,card,0.17
1744,C012,2024-04-05,Sports,Samarkand,284.73,2,569.46,Card,0.19
1745,C074,2024-01-13,Clothing,Tashkent,170.88,1,170.88,Card,
1746,C016,2024-02-15,Clothing,Tashkent,76.84,3,230.52,CARD,0.04
1747,C102,2024-01-27,Electronics,Nukus,347.6,2,695.2,cash,0.0
1748,C152,2024-04-22,Beauty,Nukus,84.24,1,84.24,CARD,
1749,C156,2024-04-14,Sports,Tashkent,395.42,5,1977.1000000000001,Cash,0.1
1750,C117,2024-01-17,Electronics,Bukhara,165.87,2,331.74,card,0.05
1751,C008,2024-04-13,Beauty,Andijan,390.87,1,390.87,card,0.02
1752,C122,2024-04-04,Sports,Andijan,281.47,4,1125.88,Card,0.12
1753,C092,2024-04-07,Home,Tashkent,183.56,4,734.24,cash,0.15
1754,C164,2024-02-29,Sports,Tashkent,137.67,1,137.67,Card,
1755,C090,2024-03-04,Clothing,Tashkent,159.09,3,477.27,Cash,
1756,C136,2024-03-28,Clothing,Bukhara,251.4,3,754.2,CARD,0.16
1757,C186,2024-04-18,Home,Nukus,209.26,2,418.52,CARD,
1758,C060,2024-02-04,Electronics,Tashkent,128.74,4,514.96,cash,0.2
1759,C178,2024-04-21,Beauty,Tashkent,180.12,3,540.36,Card,0.13
1760,C028,2024-03-10,Sports,Samarkand,209.43,3,628.29,Card,0.17
1761,C101,2024-03-23,,Bukhara,5.0,4,20.0,Cash,0.19
1762,C041,2024-01-30,Electronics,Tashkent,254.98,5,1274.8999999999999,CARD,0.19
1763,C192,2024-03-11,Home,Samarkand,82.43,3,247.29000000000002,Card,0.08
1764,C155,2024-03-14,Clothing,Andijan,61.6,1,61.6,cash,0.02
1765,C191,2024-04-14,Home,Tashkent,5.0,2,10.0,CARD,0.03
1766,C145,2024-04-05,Sports,Tashkent,5.0,3,15.0,Cash,0.01
1767,C161,2024-04-07,Beauty,Samarkand,37.35,3,112.05000000000001,cash,0.02
1768,C157,2024-03-03,Clothing,Bukhara,114.92,5,574.6,card,0.04
1769,C141,2024-01-28,Clothing,Tashkent,434.39,1,434.39,Cash,0.07
1770,C046,2024-02-29,Sports,Andijan,136.89,2,273.78,cash,0.11
1771,C035,2024-03-19,Electronics,Tashkent,221.33,3,663.99,Card,0.14
1772,C134,2024-04-03,Beauty,Andijan,248.06,2,496.12,card,0.04
1773,C082,2024-02-06,Clothing,Nukus,215.73,4,862.92,Cash,0.13
1774,C115,2024-04-02,Beauty,Nukus,190.71,3,572.13,Card,0.14
1775,C197,2024-01-22,Clothing,Andijan,56.56,3,169.68,card,0.11
1776,C047,2024-03-08,Beauty,Bukhara,374.11,4,1496.44,CARD,0.18
1777,C153,2024-01-20,Home,Tashkent,416.86,5,2084.3,Card,0.02
1778,C194,2024-04-05,Clothing,Tashkent,5.0,3,15.0,cash,0.04
1779,C010,2024-04-09,Beauty,Nukus,77.12,2,154.24,Cash,0.09
1780,C056,2024-04-23,Electronics,Andijan,166.42,1,166.42,card,0.03
1781,C030,2024-03-08,Home,Tashkent,84.26,2,168.52,Card,0.11
1782,C109,2024-03-31,Home,Tashkent,2085.76,5,10428.800000000001,CARD,
1783,C005,2024-03-04,Electronics,Bukhara,112.61,1,112.61,Cash,0.06
1784,C119,2024-01-17,Beauty,Samarkand,459.81,2,919.62,Cash,0.03
1785,C033,2024-01-12,Sports,Nukus,342.87,2,685.74,Card,0.07
1786,C118,2024-01-22,Electronics,Nukus,225.51,4,902.04,CARD,
1787,C065,2024-01-17,Beauty,Samarkand,323.24,5,1616.2,card,
1788,C146,2024-01-10,Electronics,Tashkent,332.71,4,1330.84,Card,0.03
1789,C177,2024-04-27,Electronics,Bukhara,1058.64,1,1058.64,card,0.02
1790,C011,2024-03-05,Clothing,Bukhara,102.05,4,408.2,Cash,0.01
1791,C085,2024-01-22,Beauty,Nukus,209.38,5,1046.9,card,0.0
1792,C026,2024-03-30,Sports,Bukhara,303.4,3,910.1999999999999,CARD,
1793,C063,2024-04-29,Clothing,Samarkand,216.69,3,650.0699999999999,cash,0.01
1794,C086,2024-03-22,Electronics,Tashkent,10.76,1,10.76,CARD,0.15
1795,C059,2024-02-19,Electronics,Samarkand,103.66,3,310.98,card,0.17
1796,C027,2024-01-14,Electronics,Andijan,191.12,4,764.48,Card,0.02
1797,C177,2024-03-04,Beauty,Nukus,190.92,1,190.92,Cash,
1798,C161,2024-02-16,Beauty,Bukhara,436.71,5,2183.5499999999997,cash,0.19
1799,C098,2024-01-29,Clothing,Andijan,33.68,1,33.68,Card,0.17
1800,C105,2024-03-16,Sports,Bukhara,260.67,1,260.67,Card,0.1
1801,C099,2024-02-05,Clothing,Tashkent,378.69,2,757.38,CARD,0.15
1802,C129,2024-04-08,Home,Tashkent,472.57,2,945.14,card,0.17
1803,C149,2024-02-21,Electronics,Tashkent,151.47,1,151.47,CARD,0.07
1804,C055,2024-03-16,Electronics,Bukhara,258.97,3,776.9100000000001,card,0.18
1805,C006,2024-01-07,Electronics,Andijan,268.37,2,536.74,CARD,0.09
1806,C197,2024-01-29,Clothing,Tashkent,223.46,5,1117.3,Card,0.11
1807,C095,2024-01-11,Clothing,Andijan,188.14,4,752.56,Cash,0.2
1808,C133,2024-02-02,Electronics,Bukhara,252.32,2,504.64,card,0.17
1809,C102,2024-01-06,Clothing,Andijan,5.0,1,5.0,cash,0.07
1810,C003,2024-04-20,Beauty,Bukhara,281.85,3,845.5500000000001,cash,0.0
1811,C181,2024-03-19,Beauty,Bukhara,215.14,4,860.56,Card,0.13
1812,C023,2024-02-01,Clothing,Nukus,173.3,2,346.6,CARD,0.14
1813,C053,2024-02-20,Electronics,Bukhara,445.62,3,1336.8600000000001,CARD,
1814,C165,2024-03-15,Clothing,Bukhara,119.01,3,357.03000000000003,Card,0.19
1815,C083,2024-02-27,Clothing,Samarkand,151.63,3,454.89,cash,0.17
1816,C145,2024-03-27,Clothing,Tashkent,438.99,1,438.99,cash,0.09
1817,C085,2024-01-26,Home,Nukus,100.15,5,500.75,CARD,0.01
1818,C078,2024-04-07,Beauty,Nukus,133.99,3,401.97,card,0.1
1819,C110,2024-02-15,Sports,Nukus,182.36,4,729.44,Cash,0.14
1820,C001,2024-04-07,Sports,Samarkand,300.89,2,601.78,card,0.12
1821,C051,2024-01-29,Home,Bukhara,224.94,4,899.76,cash,0.11
1822,C173,2024-01-04,Clothing,Tashkent,44.88,1,44.88,card,0.09
1823,C004,2024-03-21,Home,Andijan,136.14,1,136.14,Cash,0.06
1824,C190,2024-04-08,Home,Bukhara,127.12,4,508.48,card,0.06
1825,C193,2024-01-13,Electronics,,190.73,5,953.65,card,0.1
1826,C113,2024-04-14,Beauty,Bukhara,251.1,1,251.1,card,0.03
1827,C032,2024-02-08,Sports,Bukhara,250.18,1,250.18,card,0.07
1828,C034,2024-01-15,Clothing,Samarkand,5.0,4,20.0,Card,0.06
1829,C092,2024-04-28,Sports,Nukus,327.67,1,327.67,cash,0.12
1830,C095,2024-01-29,Sports,Nukus,230.31,5,1151.55,Cash,
1831,C072,2024-01-29,Beauty,Tashkent,2929.12,5,14645.599999999999,cash,0.17
1832,C039,2024-03-15,Sports,Tashkent,253.3,5,1266.5,Card,0.11
1833,C154,2024-04-25,Sports,Nukus,332.16,2,664.32,Card,
1834,C162,2024-02-01,Home,Andijan,255.99,5,1279.95,Card,0.14
1835,C182,2024-01-02,Beauty,Bukhara,361.55,5,1807.75,Card,0.06
1836,C118,2024-02-16,Electronics,Andijan,262.67,2,525.34,card,0.09
1837,C003,2024-03-18,Clothing,Bukhara,188.25,3,564.75,cash,0.19
1838,C123,2024-03-24,Sports,Nukus,472.69,1,472.69,CARD,0.15
1839,C050,2024-01-22,Clothing,Tashkent,306.68,5,1533.4,Cash,0.19
1840,C012,2024-03-15,Electronics,Tashkent,268.85,1,268.85,Card,0.15
1841,C193,2024-01-27,Clothing,Andijan,46.84,4,187.36,cash,0.04
1842,C054,2024-03-07,Electronics,Tashkent,45.4,1,45.4,Card,0.01
1843,C133,2024-03-21,Home,Nukus,235.13,2,470.26,Card,0.12
1844,C057,2024-04-17,Sports,Andijan,217.46,1,217.46,Card,
1845,C145,2024-02-25,Electronics,Bukhara,126.31,1,126.31,Card,
1846,C112,2024-04-01,Clothing,Tashkent,216.92,1,216.92,Card,0.16
1847,C047,2024-04-02,Sports,Samarkand,390.64,3,1171.92,Cash,0.07
1848,C151,2024-01-21,Home,Tashkent,,3,850.3499999999999,cash,0.06
1849,C085,2024-02-16,Sports,Bukhara,63.08,4,252.32,Card,0.17
1850,C142,2024-03-20,Electronics,Andijan,186.62,2,373.24,Card,0.17
1851,C066,2024-04-10,Home,Bukhara,103.4,1,103.4,Card,0.07
1852,C075,2024-02-28,Clothing,Samarkand,153.48,1,153.48,Card,0.17
1853,C179,2024-03-24,Home,Nukus,150.37,1,150.37,card,0.17
1854,C103,2024-01-06,Home,Tashkent,142.68,1,142.68,card,
1855,C166,2024-01-19,Beauty,Andijan,49.38,3,148.14000000000001,CARD,0.01
1856,C192,2024-02-26,Home,Nukus,184.68,4,738.72,Card,0.0
1857,C038,2024-03-09,Home,Bukhara,132.73,5,663.65,CARD,0.1
1858,C050,2024-01-03,Sports,Andijan,5.0,2,10.0,Cash,0.07
1859,C098,2024-01-01,Clothing,Nukus,446.36,1,446.36,CARD,0.2
1860,C082,2024-02-27,Sports,Andijan,330.65,,1322.6,cash,0.15
1861,C030,2024-02-07,Sports,Samarkand,154.84,5,774.2,card,0.15
1862,C079,2024-01-15,Electronics,Samarkand,202.26,4,809.04,card,0.19
1863,C091,2024-02-03,Sports,Tashkent,59.4,3,178.2,Card,0.18
1864,C179,2024-03-01,Beauty,Tashkent,403.49,5,2017.45,Card,0.06
1865,,2024-02-04,Beauty,Samarkand,427.67,4,1710.68,Cash,0.03
1866,C052,2024-03-04,Electronics,Andijan,218.8,3,656.4000000000001,Cash,0.15
1867,C166,2024-04-22,Clothing,Samarkand,322.82,4,1291.28,cash,0.08
1868,C079,2024-01-25,Clothing,Tashkent,221.03,4,884.12,Card,0.09
1869,C030,2024-01-24,Sports,Samarkand,39.59,5,197.95000000000002,Card,0.13
1870,C106,2024-01-12,Sports,Samarkand,150.58,3,451.74,Cash,0.18
1871,C051,2024-01-18,Sports,Andijan,215.83,1,215.83,Cash,0.08
1872,C081,2024-01-15,Clothing,Nukus,145.45,2,290.9,Cash,0.16
1873,C133,2024-04-17,Home,Tashkent,173.76,5,868.8,card,0.05
1874,C029,2024-03-20,Beauty,Andijan,189.03,3,567.09,CARD,0.14
1875,C132,2024-01-27,Home,Samarkand,190.29,4,761.16,CARD,0.0
1876,C138,2024-03-12,Home,Samarkand,206.27,3,618.8100000000001,Card,0.17
1877,C184,2024-02-29,Clothing,Nukus,72.73,2,145.46,card,0.01
1878,C145,2024-02-15,Home,Tashkent,113.96,2,227.92,Cash,0.14
1879,C074,2024-03-29,Electronics,Tashkent,366.8,1,366.8,Card,0.01
1880,C017,2024-01-17,Sports,Bukhara,317.34,1,317.34,card,0.05
1881,C084,2024-04-02,Electronics,Tashkent,5.0,2,10.0,cash,0.1
1882,C069,2024-02-22,Beauty,Nukus,338.43,5,1692.15,card,0.08
1883,C034,2024-01-08,Sports,Bukhara,366.36,5,1831.8000000000002,Card,0.04
1884,C006,2024-03-19,Home,Bukhara,163.74,4,654.96,CARD,0.07
1885,C053,2024-01-27,Beauty,Samarkand,5.0,1,5.0,Cash,0.15
1886,C194,2024-02-15,Sports,Samarkand,156.64,4,626.56,cash,0.13
1887,C126,2024-02-19,Home,Tashkent,192.3,1,192.3,card,0.01
1888,C043,2024-04-25,Electronics,Bukhara,78.73,2,157.46,Card,0.15
1889,C115,2024-03-11,Sports,Samarkand,138.17,5,690.8499999999999,Card,0.01
1890,C111,2024-01-03,Home,Nukus,383.62,5,1918.1,Cash,
1891,C151,2024-04-02,Electronics,Samarkand,279.79,2,559.58,Card,0.05
1892,C183,2024-03-04,Beauty,Samarkand,89.05,4,356.2,Card,0.12
1893,C080,2024-02-13,Beauty,Bukhara,8.29,4,33.16,Cash,0.05
1894,C095,2024-02-22,Beauty,Bukhara,160.76,3,482.28,cash,0.2
1895,C118,2024-01-24,Beauty,Andijan,174.39,1,174.39,CARD,0.06
1896,C144,2024-02-29,Clothing,Nukus,259.54,4,1038.16,CARD,0.05
1897,C008,2024-01-03,Sports,Bukhara,135.76,2,271.52,card,0.06
1898,C132,2024-01-20,Sports,Tashkent,261.38,4,1045.52,cash,0.18
1899,C104,2024-02-15,Clothing,Nukus,432.22,5,2161.1000000000004,card,0.13
1900,C132,2024-01-15,Home,Nukus,297.86,1,297.86,CARD,0.15
1901,C184,2024-01-25,Home,Bukhara,194.23,3,582.6899999999999,Cash,0.18
1902,C025,2024-04-03,Beauty,Nukus,178.02,1,178.02,Card,0.18
1903,C195,2024-03-18,Electronics,Bukhara,157.2,5,786.0,CARD,0.15
1904,C096,2024-03-11,Home,Samarkand,341.68,5,1708.4,cash,0.04
1905,C195,2024-01-17,Electronics,Andijan,124.72,5,623.6,CARD,0.17
1906,C155,2024-04-17,Sports,Samarkand,205.43,5,1027.15,cash,0.04
1907,C093,2024-03-24,Electronics,Bukhara,206.14,2,412.28,cash,0.15
1908,C160,2024-04-09,Sports,Bukhara,139.79,3,419.37,cash,0.14
1909,C178,2024-01-09,Clothing,Samarkand,35.3,5,176.5,card,0.15
1910,,2024-02-07,Clothing,Tashkent,238.76,5,1193.8,Cash,0.11
1911,C122,2024-02-17,Beauty,Tashkent,192.68,4,770.72,CARD,0.13
1912,C051,2024-02-29,Home,Tashkent,260.03,3,780.0899999999999,Cash,0.19
1913,C147,2024-03-03,Beauty,Bukhara,135.97,1,135.97,Card,
1914,C021,2024-03-26,Sports,Nukus,346.5,3,1039.5,CARD,0.06
1915,C005,2024-04-27,Beauty,Bukhara,94.79,3,284.37,Cash,0.12
1916,C092,2024-04-26,Electronics,Nukus,405.44,3,1216.32,Cash,0.19
1917,C170,2024-04-26,Sports,Samarkand,5.0,5,25.0,Card,0.02
1918,C061,2024-01-02,Clothing,Andijan,252.17,5,1260.85,cash,0.0
1919,C022,2024-03-28,Home,Nukus,257.05,2,514.1,CARD,0.01
1920,C149,2024-03-12,Sports,Tashkent,104.53,1,104.53,CARD,0.01
1921,C070,2024-01-11,Sports,Bukhara,250.93,4,1003.72,Card,0.18
1922,C001,2024-03-04,Electronics,Samarkand,353.54,3,1060.6200000000001,cash,0.14
1923,C133,2024-03-17,Home,Tashkent,5.0,1,5.0,CARD,0.14
1924,C012,2024-03-21,Clothing,Samarkand,260.33,1,260.33,CARD,0.1
1925,C090,2024-03-12,Sports,Andijan,5.0,2,10.0,CARD,0.16
1926,C046,2024-01-21,Sports,Bukhara,84.12,4,336.48,cash,0.03
1927,C034,2024-01-18,Electronics,Bukhara,395.5,3,1186.5,Card,0.08
1928,C177,2024-04-03,Beauty,Andijan,130.19,4,520.76,CARD,0.1
1929,C078,2024-03-04,Clothing,Bukhara,473.04,2,946.08,Cash,
1930,C045,2024-03-22,Home,Nukus,176.25,5,881.25,cash,0.08
1931,C155,2024-04-19,Sports,Samarkand,448.15,1,448.15,card,
1932,C073,2024-04-20,Sports,Tashkent,5.0,3,15.0,Card,0.01
1933,C026,2024-04-04,Clothing,Andijan,73.84,5,369.20000000000005,Cash,0.03
1934,C047,2024-02-07,Beauty,Nukus,379.69,2,759.38,CARD,0.15
1935,C121,2024-02-01,Sports,Tashkent,422.92,4,1691.68,card,0.0
1936,C056,2024-01-11,Clothing,Tashkent,187.59,1,187.59,Card,
1937,C094,2024-02-14,Electronics,Andijan,51.31,3,153.93,cash,0.02
1938,C107,2024-03-29,Beauty,Nukus,451.5,5,2257.5,card,0.16
1939,C063,2024-02-02,Home,Tashkent,391.33,5,1956.6499999999999,card,0.18
1940,C048,2024-04-11,Sports,Tashkent,281.47,1,281.47,Cash,0.19
1941,C061,2024-02-10,Clothing,Nukus,102.51,4,410.04,Card,0.17
1942,C081,2024-01-08,Electronics,Bukhara,194.12,2,388.24,Cash,0.06
1943,C026,2024-01-11,Home,Tashkent,180.76,4,723.04,Cash,0.07
1944,C036,2024-03-26,Clothing,Samarkand,239.7,4,958.8,CARD,0.09
1945,C001,2024-02-20,Clothing,Nukus,374.12,4,1496.48,cash,0.03
1946,C008,2024-03-28,Home,Tashkent,305.53,1,305.53,card,0.0
1947,C113,2024-02-10,Electronics,Andijan,70.71,1,70.71,Card,0.17
1948,C099,2024-01-17,Electronics,Samarkand,365.18,2,730.36,cash,0.11
1949,C180,2024-03-16,Beauty,Tashkent,237.58,4,950.32,cash,0.12
1950,C047,2024-02-15,Sports,Samarkand,282.45,1,282.45,Card,0.19
1951,C127,2024-02-01,Home,Samarkand,375.98,2,751.96,cash,0.13
1952,C056,2024-03-19,Home,Bukhara,66.61,2,133.22,CARD,0.14
1953,C014,2024-03-20,Home,Samarkand,195.7,4,782.8,cash,0.16
1954,C028,2024-02-23,Electronics,Bukhara,136.23,3,408.68999999999994,CARD,0.02
1955,C078,2024-03-26,Sports,Nukus,11.86,4,47.44,card,0.07
1956,C130,2024-04-01,Beauty,Bukhara,241.61,3,724.83,card,0.19
1957,C109,2024-01-20,Clothing,Andijan,501.39,2,1002.78,Cash,0.18
1958,C154,2024-02-02,Clothing,Tashkent,5.0,1,5.0,CARD,0.18
1959,C014,2024-03-14,Home,Nukus,196.13,5,980.65,card,0.09
1960,C187,2024-02-09,Sports,Nukus,276.87,2,553.74,cash,0.17
1961,C056,2024-02-01,Electronics,Andijan,214.77,1,214.77,Card,0.01
1962,C115,2024-04-23,Sports,Bukhara,186.42,2,372.84,Card,0.03
1963,C007,2024-04-06,Sports,Tashkent,44.09,4,176.36,CARD,
1964,C003,2024-01-02,Electronics,,227.93,3,683.79,Cash,0.1
1965,C111,2024-04-06,Home,Samarkand,109.19,2,218.38,cash,
1966,C151,2024-02-02,Sports,Bukhara,5.0,1,5.0,CARD,0.07
1967,C107,2024-04-14,Clothing,Nukus,343.35,4,1373.4,Card,0.03
1968,C018,2024-03-17,Electronics,Tashkent,315.01,5,1575.05,CARD,0.1
1969,C038,2024-01-30,Beauty,Bukhara,206.2,4,824.8,cash,0.16
1970,C115,2024-02-02,Home,Tashkent,227.49,3,682.47,card,0.13
1971,C015,2024-03-17,Electronics,Tashkent,328.92,4,1315.68,cash,0.02
1972,C192,2024-04-25,Beauty,Samarkand,226.92,5,1134.6,card,0.1
1973,C119,2024-01-26,Beauty,Samarkand,308.48,1,308.48,card,0.14
1974,C028,2024-01-22,Sports,Nukus,164.3,2,328.6,card,0.11
1975,C039,2024-04-12,Sports,Andijan,357.44,3,1072.32,CARD,0.08
1976,C185,2024-03-06,Sports,Tashkent,238.49,5,1192.45,Card,0.12
1977,C017,2024-02-07,Electronics,Andijan,223.29,3,669.87,CARD,0.19
1978,C086,2024-04-12,Electronics,Nukus,47.59,4,190.36,Card,0.02
1979,C126,2024-03-30,Home,Tashkent,234.43,3,703.29,cash,0.08
1980,C044,2024-02-15,Sports,Tashkent,100.17,5,500.85,Cash,0.08
1981,C025,2024-04-23,Beauty,Andijan,123.41,2,246.82,cash,0.12
1982,C145,2024-01-15,Clothing,Bukhara,102.15,2,204.3,CARD,0.03
1983,C013,2024-04-07,Home,Samarkand,72.05,3,216.14999999999998,CARD,0.04
1984,C025,2024-04-15,Electronics,Bukhara,454.97,1,454.97,Card,0.06
1985,C068,2024-04-28,Home,Andijan,359.76,3,1079.28,CARD,0.19
1986,C138,2024-02-13,Home,Samarkand,430.44,4,1721.76,card,0.15
1987,C067,2024-02-18,Home,Bukhara,53.25,2,106.5,CARD,0.13
1988,C109,2024-04-13,Home,Samarkand,208.55,2,417.1,Card,0.16
1989,C146,2024-03-15,Clothing,Tashkent,44.78,2,89.56,Card,0.03
1990,C111,2024-03-01,Sports,Bukhara,116.52,1,116.52,card,0.17
1991,C111,2024-03-07,Beauty,Samarkand,89.82,1,89.82,Card,0.12
1992,C034,2024-01-06,Home,Samarkand,348.75,5,1743.75,Cash,0.07
1993,C111,2024-01-09,Home,Samarkand,152.45,3,457.34999999999997,cash,0.16
1994,C008,2024-01-06,Home,Bukhara,328.21,3,984.6299999999999,CARD,0.16
1995,C168,2024-03-13,Sports,Nukus,272.49,4,1089.96,Cash,0.17
1996,C113,2024-04-12,Electronics,Bukhara,476.44,2,952.88,CARD,0.02
1997,C083,2024-04-04,Electronics,Andijan,22.47,1,22.47,Cash,0.19
1998,C042,2024-02-01,Clothing,Bukhara,351.11,4,1404.44,CARD,0.19
1999,C169,2024-02-10,Electronics,Samarkand,337.57,4,1350.28,card,0.07
2000,C101,2024-04-23,Home,Tashkent,83.19,1,83.19,Card,0.01
2001,C006,2024-03-16,Home,Bukhara,320.86,3,962.58,Card,0.03
2002,C180,2024-01-08,Home,Bukhara,240.34,2,480.68,card,0.2
2003,C026,2024-03-12,Clothing,Samarkand,172.7,3,518.0999999999999,Cash,0.11
2004,C064,2024-02-19,Home,Tashkent,101.13,4,404.52,cash,
2005,C187,2024-04-01,Electronics,Tashkent,113.71,2,227.42,Cash,
2006,C184,2024-03-02,Sports,Andijan,445.98,5,2229.9,Card,0.05
2007,C059,2024-03-24,Sports,Bukhara,200.08,4,800.32,cash,0.13
2008,C109,2024-03-02,Beauty,Tashkent,293.86,3,881.58,CARD,
2009,C198,2024-04-20,Electronics,Tashkent,105.09,3,315.27,cash,0.19
2010,C121,2024-01-07,Home,Nukus,106.42,3,319.26,Cash,0.14
2011,C033,2024-03-15,Sports,Nukus,329.84,1,329.84,card,0.16
2012,C181,2024-03-24,Electronics,Tashkent,38.05,4,152.2,CARD,0.06
2013,C150,2024-03-20,Sports,Andijan,150.17,2,300.34,Cash,0.02
2014,C021,2024-01-04,Home,Tashkent,204.08,3,612.24,CARD,
2015,C198,2024-01-06,Sports,Samarkand,213.36,3,640.08,cash,0.06
2016,C070,2024-02-27,Beauty,Bukhara,178.51,1,178.51,Card,0.04
2017,C112,2024-01-22,Beauty,Andijan,247.5,2,495.0,Cash,0.19
2018,C004,2024-01-26,Sports,Samarkand,283.14,4,1132.56,card,0.09
2019,C094,2024-01-03,Electronics,Andijan,288.16,5,1440.8000000000002,cash,0.03
2020,C075,2024-02-10,Electronics,Samarkand,81.7,1,81.7,Cash,0.04
2021,C190,2024-02-29,Electronics,Bukhara,165.9,4,663.6,card,0.06
2022,C062,2024-04-15,Sports,Bukhara,343.37,,1716.85,Cash,0.2
2023,C094,2024-01-14,Electronics,Nukus,307.36,3,922.08,cash,0.05
2024,C095,2024-03-15,Home,Samarkand,35.26,3,105.78,Cash,0.07
2025,C152,2024-03-22,Beauty,Nukus,242.18,2,484.36,CARD,
2026,C055,2024-04-27,Home,Samarkand,5.0,5,25.0,cash,0.06
2027,C137,2024-01-12,Electronics,Nukus,205.63,3,616.89,Cash,0.04
2028,C131,2024-03-27,Home,Bukhara,427.73,3,1283.19,Card,0.03
2029,C031,2024-01-12,Electronics,Andijan,86.25,2,172.5,Cash,
2030,C040,2024-01-13,Sports,Nukus,99.88,4,399.52,CARD,0.02
2031,C036,2024-01-25,Home,Samarkand,291.68,3,875.04,card,
2032,C152,2024-02-14,Sports,Samarkand,14.86,1,14.86,card,
2033,C006,2024-04-24,Sports,Bukhara,124.07,1,124.07,card,0.03
2034,C066,2024-01-19,Clothing,Samarkand,271.57,4,1086.28,Card,0.16
2035,C075,2024-02-24,Electronics,Tashkent,123.89,5,619.45,CARD,
2036,C004,2024-04-19,Beauty,Andijan,171.68,2,343.36,cash,
2037,C079,2024-04-09,Electronics,Nukus,289.3,1,289.3,card,
2038,C134,2024-02-14,Beauty,Andijan,250.59,1,250.59,CARD,0.03
2039,C118,2024-01-08,Electronics,Bukhara,232.02,4,928.08,Cash,0.15
2040,C113,2024-04-02,Sports,Nukus,159.31,5,796.55,Card,
2041,C094,2024-04-28,Home,Nukus,244.41,5,1222.05,CARD,0.13
2042,C179,2024-02-22,Home,Tashkent,185.15,4,740.6,CARD,0.0
2043,C062,2024-02-24,Clothing,Bukhara,254.94,1,254.94,cash,0.19
2044,C185,2024-02-01,Beauty,Samarkand,140.37,2,280.74,CARD,0.01
2045,C194,2024-02-20,Beauty,Tashkent,178.09,1,178.09,cash,0.07
2046,C079,2024-02-13,Beauty,Tashkent,81.21,5,406.04999999999995,Card,0.08
2047,C136,2024-03-22,Sports,Andijan,195.8,1,195.8,Card,0.0
2048,C026,2024-03-10,Beauty,Andijan,102.68,2,205.36,Cash,0.1
2049,C179,2024-01-18,Home,Andijan,66.31,3,198.93,cash,0.15
2050,C173,2024-03-23,Sports,Tashkent,231.04,1,231.04,cash,0.16
2051,C044,2024-01-22,Electronics,Samarkand,225.53,4,902.12,card,0.18
2052,C133,2024-02-06,Beauty,Nukus,293.94,3,881.8199999999999,card,0.1
2053,C070,2024-04-05,Beauty,Andijan,148.26,4,593.04,Cash,0.13
2054,C154,2024-02-25,Electronics,Samarkand,248.97,4,995.88,Card,0.02
2055,C118,2024-04-14,Beauty,Bukhara,2128.8,4,8515.2,card,0.1
2056,C068,2024-02-28,Electronics,Andijan,253.37,1,253.37,CARD,
2057,C019,2024-01-03,Sports,Nukus,100.92,5,504.6,Card,0.07
2058,C020,2024-01-28,Home,Bukhara,217.92,3,653.76,CARD,0.07
2059,C113,2024-03-14,Electronics,Bukhara,243.7,2,487.4,cash,
2060,C140,2024-04-24,Clothing,Nukus,200.86,5,1004.3000000000001,Card,
2061,C047,2024-02-04,Electronics,Andijan,5.0,1,5.0,Cash,0.18
2062,C001,2024-03-01,Beauty,Tashkent,219.26,4,877.04,cash,0.08
2063,C090,2024-04-02,Sports,Nukus,465.5,2,931.0,cash,0.2
2064,C142,2024-02-23,Sports,Nukus,156.8,3,470.40000000000003,CARD,
2065,C064,2024-03-03,Electronics,Nukus,112.63,5,563.15,cash,0.1
2066,C038,2024-03-19,Home,Bukhara,244.8,5,1224.0,card,0.13
2067,C037,2024-04-06,Clothing,Samarkand,237.49,2,474.98,Card,0.02
2068,C126,2024-01-07,Sports,Tashkent,343.13,1,343.13,card,0.17
2069,C139,2024-03-16,Beauty,Andijan,49.06,3,147.18,CARD,0.12
2070,C100,2024-02-18,Beauty,Andijan,287.77,2,575.54,CARD,0.2
2071,C077,2024-04-03,Home,Samarkand,270.85,4,1083.4,Card,0.13
2072,C003,2024-03-25,Sports,Nukus,182.94,3,548.8199999999999,cash,0.17
2073,C161,2024-01-31,Electronics,Tashkent,240.64,5,1203.1999999999998,Cash,0.16
2074,C134,2024-02-27,Beauty,Andijan,323.53,2,647.06,CARD,0.07
2075,C178,2024-03-01,Home,Andijan,304.68,5,1523.4,Card,0.05
2076,C010,2024-01-24,Sports,Nukus,62.84,5,314.20000000000005,Cash,0.09
2077,C005,2024-01-20,Sports,Samarkand,298.42,5,1492.1000000000001,cash,
2078,C151,2024-02-06,Sports,Tashkent,,1,192.24,CARD,0.05
2079,C138,2024-01-04,Sports,Samarkand,208.74,5,1043.7,Card,0.18
2080,C172,2024-04-01,Sports,Samarkand,208.78,4,835.12,Card,0.11
2081,C130,2024-04-17,Beauty,Tashkent,181.97,4,727.88,Card,0.2
2082,C013,2024-01-20,Home,Tashkent,343.0,3,1029.0,CARD,
2083,C168,2024-02-29,Sports,Andijan,189.95,5,949.75,Cash,0.11
2084,C130,2024-01-24,Clothing,Andijan,65.65,5,328.25,Card,0.19
2085,C084,2024-02-19,Clothing,Tashkent,152.78,2,305.56,cash,0.1
2086,C065,2024-02-18,Home,Bukhara,221.44,1,221.44,Card,0.18
2087,C063,2024-02-20,Electronics,Andijan,347.51,3,1042.53,Cash,0.07
2088,C101,2024-04-05,Electronics,Bukhara,272.37,5,1361.85,CARD,0.08
2089,C073,2024-04-14,Electronics,Tashkent,97.94,2,195.88,Card,0.08
2090,C017,2024-02-05,Clothing,Andijan,498.22,1,498.22,Card,0.11
2091,C009,2024-04-26,Electronics,Samarkand,231.77,3,695.3100000000001,cash,0.11
2092,C143,2024-04-07,Beauty,Tashkent,353.05,3,1059.15,cash,0.1
2093,C152,2024-04-09,Sports,Nukus,181.79,5,908.9499999999999,Card,0.06
2094,C038,2024-03-06,Clothing,Bukhara,264.0,3,792.0,Card,
2095,C163,2024-03-19,Home,Tashkent,300.74,2,601.48,cash,0.12
2096,C094,2024-02-03,Home,Tashkent,346.18,3,1038.54,Cash,
2097,C095,2024-02-05,Sports,Andijan,326.88,4,1307.52,card,
2098,C049,2024-01-06,Clothing,Andijan,304.66,2,609.32,card,0.15
2099,C069,2024-02-08,Electronics,Andijan,162.19,1,162.19,Card,0.19
2100,C062,2024-02-11,Electronics,Nukus,131.39,1,131.39,cash,0.1
2101,C188,2024-04-24,Beauty,Andijan,239.91,5,1199.55,CARD,0.02
2102,C178,2024-04-24,Beauty,Tashkent,311.98,5,1559.9,CARD,0.09
2103,C078,2024-02-27,Electronics,Andijan,173.27,4,693.08,card,0.1
2104,C117,2024-04-27,Home,Samarkand,327.82,1,327.82,Cash,0.18
2105,C120,2024-01-12,Home,Andijan,374.31,1,374.31,card,0.08
2106,C137,2024-01-03,Beauty,Nukus,90.04,1,90.04,Card,0.19
2107,C162,2024-04-18,Sports,Samarkand,99.57,1,99.57,Cash,0.1
2108,C076,2024-01-18,Electronics,Tashkent,183.15,3,549.45,CARD,0.19
2109,C035,2024-02-09,Beauty,Tashkent,236.91,2,473.82,cash,0.0
2110,C001,2024-01-21,Beauty,Bukhara,137.05,2,274.1,cash,0.18
2111,C040,2024-01-15,Electronics,Samarkand,362.26,4,1449.04,Card,0.19
2112,C064,2024-04-06,Electronics,Bukhara,250.89,3,752.67,card,0.19
2113,C150,2024-04-08,Home,Samarkand,204.73,1,204.73,Card,0.0
2114,C060,2024-01-26,Sports,Samarkand,27.69,1,27.69,cash,0.03
2115,C064,2024-01-08,Sports,Nukus,42.1,5,210.5,CARD,
2116,C093,2024-04-09,Electronics,Bukhara,233.72,5,1168.6,cash,0.01
2117,C072,2024-04-21,Clothing,Nukus,5.0,4,20.0,Cash,0.01
2118,C011,2024-04-03,Beauty,Samarkand,321.52,1,321.52,cash,0.04
2119,C105,2024-03-27,Beauty,Tashkent,181.02,4,724.08,cash,0.1
2120,C014,2024-02-11,Electronics,Samarkand,589.17,3,1767.5099999999998,Cash,0.11
2121,C060,2024-02-13,Clothing,Nukus,476.95,2,953.9,card,0.01
2122,C030,2024-01-14,Home,Bukhara,178.23,1,178.23,cash,0.03
2123,C035,2024-03-18,Electronics,Bukhara,187.24,3,561.72,Card,0.1
2124,C165,2024-01-02,Electronics,Nukus,319.47,1,319.47,cash,0.12
2125,C005,2024-04-28,Beauty,Bukhara,404.38,5,2021.9,Card,0.03
2126,C083,2024-02-06,Electronics,Andijan,5.0,4,20.0,Cash,0.08
2127,C123,2024-03-09,Electronics,Tashkent,5.0,5,25.0,cash,0.18
2128,C078,2024-02-07,Electronics,Tashkent,125.36,2,250.72,Cash,0.2
2129,C154,2024-04-18,Beauty,Tashkent,269.93,5,1349.65,Cash,0.2
2130,C062,2024-02-10,Home,Bukhara,259.62,1,259.62,card,0.18
2131,C132,2024-03-02,Home,Bukhara,328.37,5,1641.85,cash,0.08
2132,C089,2024-04-27,Electronics,Samarkand,56.04,1,56.04,Card,0.14
2133,C042,2024-02-29,Beauty,Samarkand,5.0,2,10.0,Card,0.08
2134,C089,2024-04-20,Home,Tashkent,302.96,5,1514.8,cash,0.13
2135,C146,2024-01-14,Home,Andijan,100.62,4,402.48,card,0.06
2136,C040,2024-04-29,Home,Samarkand,5.0,4,20.0,card,0.12
2137,C072,2024-04-12,Beauty,Samarkand,217.41,4,869.64,card,0.1
2138,C039,2024-03-29,Beauty,Bukhara,295.18,5,1475.9,Card,0.0
2139,C104,2024-03-24,Electronics,Andijan,185.35,5,926.75,Cash,0.16
2140,C014,2024-01-02,Sports,Tashkent,145.06,5,725.3,card,0.0
2141,C032,2024-04-12,Home,Samarkand,180.88,1,180.88,Card,0.06
2142,C179,2024-03-10,Sports,Andijan,155.53,2,311.06,Card,0.0
2143,C125,2024-01-17,Beauty,Andijan,38.23,4,152.92,Cash,0.08
2144,C166,2024-03-29,Beauty,Tashkent,114.24,1,114.24,cash,0.01
2145,C097,2024-01-28,Beauty,Andijan,262.55,4,1050.2,cash,0.18
2146,C023,2024-03-06,Sports,Andijan,238.6,1,238.6,card,0.08
2147,C063,,Beauty,Andijan,220.17,5,1100.85,card,0.09
2148,C143,2024-04-10,Electronics,Samarkand,80.58,4,322.32,Cash,0.07
2149,C153,2024-01-05,Beauty,Tashkent,178.22,5,891.1,card,0.13
2150,C145,2024-03-05,Clothing,Andijan,5.0,4,20.0,Cash,0.16
2151,C194,2024-02-09,Sports,Andijan,221.42,3,664.26,Card,0.13
2152,C053,2024-03-16,Clothing,Samarkand,371.46,1,371.46,card,0.15
2153,C104,2024-02-25,Beauty,Tashkent,23.1,3,69.30000000000001,Card,0.18
2154,C104,2024-02-05,Electronics,Bukhara,129.69,1,129.69,CARD,0.17
2155,C179,2024-02-14,Home,Samarkand,239.49,2,478.98,Cash,0.13
2156,C039,2024-01-23,Beauty,Tashkent,350.34,4,1401.36,CARD,0.04
2157,C179,2024-02-16,Electronics,Andijan,146.21,2,292.42,card,0.13
2158,C198,2024-01-31,Sports,Tashkent,116.93,2,233.86,Card,
2159,C134,2024-01-11,Clothing,Tashkent,5.0,1,5.0,card,0.14
2160,C067,2024-01-10,Clothing,Tashkent,212.41,3,637.23,CARD,0.17
2161,C135,2024-03-07,Clothing,Bukhara,445.05,5,2225.25,card,0.15
2162,C179,2024-04-27,Sports,Tashkent,233.28,1,233.28,cash,0.17
2163,C042,2024-01-14,Electronics,Bukhara,197.33,5,986.6500000000001,CARD,0.01
2164,C192,2024-03-20,Sports,Andijan,238.65,2,477.3,card,0.01
2165,C015,2024-03-14,Clothing,Bukhara,198.67,5,993.3499999999999,Card,0.05
2166,C111,2024-04-02,Beauty,Andijan,102.44,3,307.32,card,0.18
2167,C157,2024-01-10,Home,Andijan,298.79,1,298.79,Card,0.16
2168,C033,2024-03-16,Sports,Bukhara,227.09,3,681.27,cash,0.14
2169,C155,2024-04-03,Sports,Samarkand,202.11,3,606.33,card,
2170,C164,2024-04-14,Electronics,Nukus,82.96,1,82.96,cash,0.15
2171,C157,2024-01-01,Electronics,Tashkent,356.42,3,1069.26,CARD,0.19
2172,C038,2024-01-05,Sports,Nukus,279.76,4,1119.04,Card,0.17
2173,C185,2024-01-20,Clothing,Tashkent,133.65,4,534.6,CARD,0.12
2174,C097,2024-01-08,Home,Tashkent,320.22,4,1280.88,Card,0.13
2175,C155,2024-02-12,Electronics,Andijan,140.29,5,701.4499999999999,cash,0.04
2176,C183,2024-03-16,Clothing,Tashkent,106.16,3,318.48,Cash,0.13
2177,C033,2024-01-01,Beauty,Tashkent,108.84,1,108.84,card,0.08
2178,C196,2024-02-26,Electronics,Bukhara,5.0,1,5.0,cash,0.03
2179,C086,2024-03-04,Clothing,Nukus,256.59,5,1282.9499999999998,Card,0.16
2180,C066,2024-04-27,Clothing,Bukhara,5.0,1,5.0,Card,0.1
2181,C010,2024-03-24,Home,Tashkent,52.59,4,210.36,Card,0.2
2182,C005,2024-01-28,Home,Andijan,5.0,3,15.0,Card,0.06
2183,C123,2024-04-16,Beauty,Bukhara,189.67,1,189.67,card,0.1
2184,C074,2024-02-06,Clothing,Bukhara,181.96,1,181.96,CARD,0.09
2185,C097,2024-02-16,Clothing,Samarkand,160.8,2,321.6,Cash,
2186,C118,2024-04-10,Home,Tashkent,74.89,2,149.78,card,0.09
2187,C038,2024-03-16,Electronics,Andijan,59.33,2,118.66,Card,0.06
2188,C141,2024-02-06,Electronics,Bukhara,255.72,3,767.16,card,0.03
2189,C159,2024-02-18,Sports,Bukhara,133.93,4,535.72,cash,
2190,C047,2024-04-22,Home,Andijan,237.96,4,951.84,Card,0.05
2191,C109,2024-04-29,Sports,Tashkent,93.77,4,375.08,Cash,
2192,C180,2024-02-13,Home,Samarkand,221.73,3,665.1899999999999,Card,
2193,C184,2024-02-25,Beauty,Bukhara,356.39,3,1069.17,Cash,0.12
2194,C015,2024-01-28,Clothing,Samarkand,270.34,2,540.68,Cash,0.15
2195,C157,2024-04-20,Beauty,Nukus,150.51,1,150.51,CARD,0.1
2196,C136,2024-03-19,Home,Tashkent,230.86,5,1154.3000000000002,CARD,0.19
2197,C005,2024-01-06,Clothing,Nukus,171.12,5,855.6,card,0.14
2198,C157,2024-04-17,Electronics,Nukus,200.95,1,200.95,card,0.15
2199,C047,2024-03-01,Electronics,Nukus,160.93,2,321.86,Cash,0.04
1675,C109,2024-03-17,Clothing,Andijan,95.24,1,95.24,cash,0.15
1643,C109,2024-01-11,Clothing,Bukhara,312.55,3,937.6500000000001,card,0.15
1923,C133,2024-03-17,Home,Tashkent,5.0,1,5.0,CARD,0.14
1956,,2024-04-01,Beauty,Bukhara,241.61,3,724.83,card,0.19
2162,C179,2024-04-27,Sports,Tashkent,233.28,1,233.28,cash,0.17
1053,C060,2024-02-20,Sports,Bukhara,308.27,4,1233.08,CARD,0.17
1234,C038,2024-03-14,Sports,Nukus,5.0,1,5.0,cash,0.17
2131,C132,2024-03-02,,Bukhara,328.37,5,1641.85,cash,0.08
1403,C039,2024-04-23,Sports,Andijan,181.37,3,544.11,Cash,0.18
1458,C047,2024-03-26,Sports,Bukhara,408.19,4,1632.76,cash,0.13
1653,C146,2024-03-16,Beauty,Andijan,5.0,1,5.0,CARD,
1397,C017,2024-04-13,Electronics,Tashkent,174.53,4,698.12,Cash,0.07
1159,C071,2024-01-18,Sports,Nukus,145.8,3,437.40000000000003,card,
1528,C180,2024-02-15,Electronics,Andijan,183.27,5,916.35,Card,0.07
1602,C183,2024-03-14,Sports,Andijan,155.32,4,621.28,Cash,0.14
1370,C181,2024-03-09,Sports,Tashkent,242.3,3,726.9000000000001,CARD,0.01
1333,C115,2024-03-11,Clothing,Andijan,318.25,3,954.75,cash,0.15
1448,C053,2024-01-26,Beauty,Nukus,285.75,1,285.75,Cash,0.06
1979,C126,2024-03-30,Home,Tashkent,234.43,3,703.29,cash,0.08
1800,C105,2024-03-16,Sports,,260.67,1,260.67,Card,0.1
